charge_id_PK,product_instance_id_FK,charge_counter,date,cost,event_type
1,111,1,02.01.2020 01:46 AM,20,False
2,79,1,02.01.2020 02:27 AM,15,True
3,54,1,02.01.2020 09:18 AM,20,False
4,104,1,02.01.2020 01:18 PM,50,False
5,92,1,03.01.2020 09:08 AM,16,True
6,54,2,04.01.2020 02:27 AM,20,False
7,121,1,04.01.2020 09:57 AM,50,False
8,133,1,05.01.2020 06:25 AM,30,False
9,97,1,05.01.2020 06:42 PM,30,True
10,30,1,05.01.2020 07:38 PM,10,True
11,48,1,06.01.2020 03:38 PM,20,False
12,53,1,06.01.2020 05:59 PM,20,True
13,81,1,09.01.2020 01:53 PM,50,False
14,57,1,11.01.2020 05:35 AM,10,True
15,60,1,11.01.2020 06:12 PM,85,True
16,19,1,12.01.2020 07:10 PM,2,False
17,13,1,14.01.2020 08:33 AM,50,False
18,89,1,14.01.2020 12:32 AM,10,False
19,34,1,14.01.2020 09:57 PM,10,True
20,106,1,14.01.2020 11:41 PM,10,True
21,56,1,15.01.2020 07:56 PM,10,True
22,116,1,16.01.2020 07:35 AM,10,False
23,124,1,16.01.2020 01:00 PM,10,True
24,36,1,16.01.2020 04:20 PM,35,True
25,89,2,17.01.2020 11:32 PM,10,False
26,33,1,18.01.2020 04:11 PM,10,False
27,47,1,18.01.2020 04:32 PM,20,False
28,69,1,18.01.2020 06:34 PM,85,True
29,30,2,20.01.2020 08:55 AM,10,True
30,109,1,21.01.2020 08:20 AM,15,True
31,7,1,21.01.2020 02:29 PM,20,True
32,121,2,21.01.2020 07:47 PM,50,False
33,36,2,22.01.2020 02:30 AM,35,True
34,56,2,22.01.2020 02:24 PM,10,True
35,74,1,22.01.2020 05:11 PM,16,True
36,106,2,23.01.2020 09:45 AM,10,True
37,137,1,23.01.2020 08:51 PM,15,True
38,22,1,23.01.2020 11:29 PM,5,False
39,62,1,23.01.2020 12:10 PM,15,True
40,99,1,24.01.2020 08:29 AM,30,False
41,89,3,24.01.2020 12:56 AM,10,False
42,16,1,25.01.2020 03:47 PM,35,True
43,84,1,25.01.2020 04:31 PM,10,True
44,129,1,25.01.2020 05:30 PM,20,False
45,55,1,25.01.2020 08:34 PM,20,False
46,54,3,28.01.2020 08:39 AM,20,False
47,48,2,28.01.2020 10:28 PM,20,False
48,62,2,30.01.2020 03:11 PM,15,True
49,130,1,30.01.2020 05:02 PM,100,True
50,8,1,30.01.2020 11:54 PM,85,True
51,138,1,31.01.2020 05:26 AM,30,False
52,143,1,31.01.2020 02:36 PM,16,True
53,66,1,01.02.2020 03:41 AM,10,False
54,82,1,01.02.2020 12:44 AM,15,True
55,38,1,01.02.2020 03:56 PM,50,False
56,60,2,02.02.2020 01:41 PM,85,True
57,10,1,02.02.2020 06:15 PM,20,False
58,145,1,02.02.2020 12:09 PM,10,True
59,134,1,03.02.2020 09:20 PM,50,False
60,104,2,04.02.2020 05:22 AM,50,False
61,84,2,04.02.2020 12:45 PM,10,True
62,71,1,05.02.2020 02:23 PM,5,False
63,36,3,05.02.2020 08:01 PM,35,True
64,114,1,06.02.2020 04:59 PM,10,False
65,42,1,06.02.2020 12:16 PM,35,True
66,61,1,08.02.2020 08:02 AM,10,True
67,38,2,08.02.2020 10:02 AM,50,False
68,26,1,09.02.2020 01:45 AM,100,True
69,60,3,12.02.2020 05:35 PM,85,True
70,99,2,13.02.2020 03:10 AM,30,False
71,78,1,14.02.2020 01:47 AM,90,True
72,7,2,14.02.2020 06:16 AM,20,True
73,125,1,16.02.2020 01:57 PM,15,True
74,57,2,17.02.2020 04:35 AM,10,True
75,63,1,17.02.2020 02:47 PM,15,True
76,12,1,19.02.2020 09:20 AM,16,True
77,46,1,19.02.2020 06:53 PM,2,False
78,147,1,20.02.2020 02:14 PM,20,True
79,70,1,20.02.2020 05:44 PM,10,True
80,103,1,21.02.2020 04:42 AM,90,True
81,122,1,21.02.2020 05:07 PM,10,True
82,4,1,25.02.2020 07:48 AM,10,False
83,100,1,25.02.2020 09:37 AM,2,False
84,35,1,25.02.2020 01:54 PM,15,True
85,36,4,26.02.2020 06:13 PM,35,True
86,15,1,27.02.2020 03:34 AM,85,True
87,116,2,27.02.2020 07:22 PM,10,False
88,34,2,29.02.2020 04:14 AM,10,True
89,42,2,29.02.2020 09:57 PM,35,True
90,133,2,01.03.2020 07:43 PM,30,False
91,90,1,01.03.2020 08:44 PM,35,True
92,142,1,02.03.2020 11:23 AM,35,True
93,58,1,03.03.2020 02:36 AM,5,True
94,2,1,03.03.2020 12:59 AM,10,True
95,118,1,04.03.2020 02:44 PM,35,True
96,149,1,04.03.2020 07:30 PM,85,True
97,118,2,04.03.2020 07:48 PM,35,True
98,25,1,05.03.2020 02:18 AM,16,True
99,93,1,05.03.2020 07:21 AM,10,False
100,69,2,06.03.2020 03:17 AM,85,True
101,138,2,06.03.2020 07:04 PM,30,False
102,7,3,07.03.2020 04:17 AM,20,True
103,73,1,08.03.2020 07:05 AM,50,False
104,135,1,08.03.2020 07:54 AM,15,True
105,14,1,08.03.2020 12:26 PM,5,True
106,18,1,10.03.2020 10:43 AM,16,True
107,107,1,10.03.2020 06:54 PM,35,True
108,139,1,11.03.2020 02:06 PM,50,False
109,129,2,11.03.2020 02:49 PM,20,False
110,69,3,12.03.2020 11:53 PM,85,True
111,16,2,13.03.2020 03:13 AM,35,True
112,18,2,13.03.2020 12:58 PM,16,True
113,99,3,14.03.2020 08:38 AM,30,False
114,16,3,14.03.2020 06:23 PM,35,True
115,145,2,14.03.2020 08:19 PM,10,True
116,120,1,15.03.2020 08:35 AM,30,False
117,115,1,15.03.2020 09:22 PM,20,True
118,12,2,16.03.2020 03:48 AM,16,True
119,8,2,17.03.2020 07:20 AM,85,True
120,13,2,17.03.2020 06:41 PM,50,False
121,112,1,18.03.2020 07:10 AM,85,True
122,8,3,18.03.2020 04:37 PM,85,True
123,89,4,18.03.2020 07:20 PM,10,False
124,11,1,19.03.2020 09:29 PM,16,True
125,55,2,20.03.2020 06:25 AM,20,False
126,67,1,20.03.2020 11:59 AM,10,True
127,147,2,22.03.2020 03:01 AM,20,True
128,148,1,22.03.2020 12:47 PM,10,True
129,12,3,23.03.2020 08:02 AM,16,True
130,138,3,23.03.2020 02:48 PM,30,False
131,69,4,24.03.2020 03:52 PM,85,True
132,13,3,25.03.2020 02:53 AM,50,False
133,21,1,25.03.2020 11:13 AM,2,False
134,94,1,25.03.2020 05:31 PM,20,False
135,18,3,25.03.2020 07:02 PM,16,True
136,141,1,25.03.2020 07:48 PM,5,False
137,143,2,25.03.2020 07:51 PM,16,True
138,137,2,30.03.2020 04:43 AM,15,True
139,79,2,31.03.2020 01:13 AM,15,True
140,124,2,31.03.2020 11:28 AM,10,True
141,130,2,01.04.2020 03:51 PM,100,True
142,6,1,02.04.2020 05:52 AM,90,True
143,121,3,02.04.2020 04:12 PM,50,False
144,138,4,03.04.2020 05:19 AM,30,False
145,56,3,03.04.2020 07:27 AM,10,True
146,124,3,03.04.2020 11:36 PM,10,True
147,88,1,04.04.2020 12:17 AM,10,True
148,10,2,05.04.2020 05:36 PM,20,False
149,32,1,05.04.2020 06:35 PM,10,True
150,137,3,06.04.2020 01:11 AM,15,True
151,134,2,06.04.2020 05:23 AM,50,False
152,52,1,06.04.2020 10:36 AM,10,False
153,91,1,07.04.2020 05:54 AM,5,False
154,132,1,07.04.2020 03:38 PM,100,True
155,4,2,08.04.2020 03:09 AM,10,False
156,147,3,08.04.2020 03:03 PM,20,True
157,118,3,08.04.2020 12:42 PM,35,True
158,5,1,09.04.2020 02:50 AM,85,True
159,38,3,11.04.2020 06:49 AM,50,False
160,133,3,11.04.2020 03:36 PM,30,False
161,27,1,11.04.2020 05:23 PM,15,True
162,113,1,12.04.2020 01:05 PM,5,True
163,127,1,12.04.2020 07:28 PM,85,True
164,9,1,13.04.2020 04:53 PM,50,False
165,88,2,16.04.2020 05:21 AM,10,True
166,78,2,16.04.2020 05:30 AM,90,True
167,88,3,16.04.2020 12:27 AM,10,True
168,60,4,18.04.2020 09:56 AM,85,True
169,59,1,19.04.2020 06:20 AM,20,False
170,56,4,19.04.2020 12:41 PM,10,True
171,25,2,20.04.2020 03:45 AM,16,True
172,100,2,21.04.2020 09:03 AM,2,False
173,143,3,21.04.2020 09:28 AM,16,True
174,100,3,22.04.2020 03:42 PM,2,False
175,32,2,23.04.2020 06:04 AM,10,True
176,12,4,23.04.2020 09:29 PM,16,True
177,66,2,24.04.2020 01:23 AM,10,False
178,145,3,24.04.2020 01:36 AM,10,True
179,76,1,24.04.2020 12:15 PM,30,False
180,81,2,25.04.2020 09:45 AM,50,False
181,53,2,26.04.2020 06:18 PM,20,True
182,35,2,26.04.2020 07:31 PM,15,True
183,61,2,27.04.2020 01:20 PM,10,True
184,10,3,28.04.2020 07:20 PM,20,False
185,68,1,28.04.2020 11:22 PM,90,True
186,148,2,29.04.2020 08:20 PM,10,True
187,19,2,29.04.2020 10:21 PM,2,False
188,64,1,30.04.2020 07:23 AM,35,True
189,11,2,30.04.2020 03:36 PM,16,True
190,1,1,30.04.2020 09:13 PM,35,True
191,44,1,01.05.2020 07:53 AM,85,True
192,117,1,01.05.2020 08:33 AM,10,False
193,50,1,01.05.2020 04:25 PM,5,False
194,46,2,01.05.2020 05:56 PM,2,False
195,69,5,01.05.2020 08:31 PM,85,True
196,139,2,02.05.2020 07:07 AM,50,False
197,123,1,02.05.2020 01:26 PM,5,False
198,149,2,02.05.2020 04:34 PM,85,True
199,140,1,02.05.2020 10:55 PM,10,False
200,58,2,02.05.2020 12:31 PM,5,True
201,123,2,03.05.2020 02:28 AM,5,False
202,138,5,05.05.2020 02:04 AM,30,False
203,99,4,05.05.2020 12:00 PM,30,False
204,114,2,05.05.2020 12:07 PM,10,False
205,126,1,05.05.2020 12:17 PM,30,False
206,7,4,06.05.2020 07:51 AM,20,True
207,75,1,06.05.2020 08:30 AM,35,True
208,107,2,07.05.2020 05:21 AM,35,True
209,125,2,07.05.2020 05:15 PM,15,True
210,67,2,07.05.2020 06:22 PM,10,True
211,11,3,08.05.2020 02:09 PM,16,True
212,67,3,10.05.2020 02:40 AM,10,True
213,45,1,10.05.2020 10:06 AM,2,False
214,74,2,10.05.2020 10:57 AM,16,True
215,92,2,11.05.2020 03:14 PM,16,True
216,59,2,12.05.2020 06:29 AM,20,False
217,84,3,12.05.2020 02:58 PM,10,True
218,69,6,13.05.2020 09:56 AM,85,True
219,15,2,15.05.2020 01:07 AM,85,True
220,75,2,15.05.2020 05:36 AM,35,True
221,45,2,15.05.2020 08:30 PM,2,False
222,3,1,16.05.2020 01:18 AM,2,False
223,51,1,16.05.2020 03:11 PM,30,False
224,26,2,16.05.2020 04:25 PM,100,True
225,60,5,17.05.2020 06:19 AM,85,True
226,125,3,17.05.2020 05:28 PM,15,True
227,123,3,18.05.2020 12:39 PM,5,False
228,56,5,20.05.2020 10:12 PM,10,True
229,118,4,21.05.2020 04:01 AM,35,True
230,132,2,22.05.2020 02:41 AM,100,True
231,38,4,23.05.2020 06:25 AM,50,False
232,136,1,25.05.2020 04:17 AM,85,True
233,125,4,25.05.2020 04:34 AM,15,True
234,60,6,25.05.2020 02:12 PM,85,True
235,74,3,26.05.2020 08:02 PM,16,True
236,144,1,26.05.2020 09:57 PM,90,True
237,28,1,26.05.2020 12:20 PM,5,True
238,24,1,27.05.2020 11:26 AM,15,True
239,84,4,29.05.2020 01:25 AM,10,True
240,63,2,29.05.2020 08:59 AM,15,True
241,138,6,29.05.2020 03:53 PM,30,False
242,18,4,29.05.2020 06:03 PM,16,True
243,43,1,30.05.2020 08:43 AM,10,True
244,11,4,01.06.2020 12:50 AM,16,True
245,117,2,01.06.2020 02:22 PM,10,False
246,48,3,01.06.2020 02:43 PM,20,False
247,83,1,02.06.2020 03:11 AM,20,False
248,5,2,02.06.2020 03:38 PM,85,True
249,80,1,02.06.2020 06:39 PM,35,True
250,60,7,02.06.2020 12:45 PM,85,True
251,111,2,03.06.2020 12:10 AM,20,False
252,26,3,04.06.2020 02:25 PM,100,True
253,64,2,05.06.2020 11:32 AM,35,True
254,139,3,05.06.2020 04:10 PM,50,False
255,124,4,05.06.2020 05:32 PM,10,True
256,60,8,05.06.2020 05:35 PM,85,True
257,88,4,07.06.2020 09:08 AM,10,True
258,147,4,07.06.2020 12:06 PM,20,True
259,87,1,08.06.2020 10:36 PM,30,False
260,69,7,08.06.2020 12:49 PM,85,True
261,36,5,09.06.2020 10:03 AM,35,True
262,63,3,09.06.2020 10:05 AM,15,True
263,85,1,09.06.2020 11:53 AM,100,True
264,46,3,10.06.2020 11:26 PM,2,False
265,99,5,11.06.2020 07:05 AM,30,False
266,26,4,12.06.2020 06:37 AM,100,True
267,53,3,12.06.2020 05:42 PM,20,True
268,98,1,13.06.2020 07:13 PM,10,False
269,135,2,14.06.2020 10:57 AM,15,True
270,50,2,15.06.2020 09:55 AM,5,False
271,46,4,15.06.2020 03:24 PM,2,False
272,55,3,17.06.2020 01:30 AM,20,False
273,64,3,17.06.2020 08:38 AM,35,True
274,28,2,17.06.2020 10:06 AM,5,True
275,28,3,18.06.2020 11:40 AM,5,True
276,123,4,18.06.2020 01:51 PM,5,False
277,103,2,19.06.2020 10:20 AM,90,True
278,110,1,20.06.2020 05:20 PM,10,False
279,95,1,20.06.2020 11:46 PM,90,True
280,46,5,21.06.2020 06:25 AM,2,False
281,140,2,21.06.2020 06:44 AM,10,False
282,46,6,22.06.2020 02:58 PM,2,False
283,58,3,22.06.2020 08:09 PM,5,True
284,51,2,22.06.2020 10:53 PM,30,False
285,51,3,22.06.2020 11:28 PM,30,False
286,31,1,23.06.2020 02:46 AM,35,True
287,43,2,25.06.2020 01:12 AM,10,True
288,135,3,25.06.2020 12:50 AM,15,True
289,100,4,27.06.2020 09:16 PM,2,False
290,89,5,28.06.2020 11:52 AM,10,False
291,102,1,28.06.2020 04:36 PM,15,True
292,98,2,28.06.2020 05:17 PM,10,False
293,101,1,29.06.2020 11:53 AM,2,False
294,109,2,29.06.2020 12:55 PM,15,True
295,95,2,01.07.2020 04:22 AM,90,True
296,17,1,01.07.2020 07:57 AM,100,True
297,111,3,01.07.2020 10:42 AM,20,False
298,113,2,02.07.2020 01:18 AM,5,True
299,64,4,02.07.2020 12:01 AM,35,True
300,144,2,02.07.2020 07:19 PM,90,True
301,108,1,03.07.2020 03:37 PM,2,False
302,87,2,03.07.2020 08:34 PM,30,False
303,13,4,03.07.2020 11:07 PM,50,False
304,105,1,04.07.2020 09:24 AM,30,True
305,1,2,04.07.2020 07:47 PM,35,True
306,86,1,04.07.2020 09:44 PM,35,True
307,123,5,04.07.2020 12:41 PM,5,False
308,103,3,06.07.2020 09:45 AM,90,True
309,90,2,06.07.2020 10:17 PM,35,True
310,7,5,07.07.2020 02:03 PM,20,True
311,73,2,08.07.2020 04:02 AM,50,False
312,25,3,08.07.2020 04:02 AM,16,True
313,46,7,08.07.2020 04:49 AM,2,False
314,59,3,09.07.2020 10:05 AM,20,False
315,147,5,09.07.2020 04:58 PM,20,True
316,117,3,09.07.2020 07:35 PM,10,False
317,84,5,10.07.2020 04:17 PM,10,True
318,145,4,11.07.2020 04:08 AM,10,True
319,24,2,11.07.2020 06:22 AM,15,True
320,75,3,11.07.2020 01:31 PM,35,True
321,91,2,11.07.2020 02:46 PM,5,False
322,107,3,11.07.2020 11:10 PM,35,True
323,4,3,12.07.2020 01:11 AM,10,False
324,84,6,14.07.2020 06:11 PM,10,True
325,74,4,14.07.2020 12:52 PM,16,True
326,139,4,15.07.2020 12:08 AM,50,False
327,134,3,16.07.2020 02:00 AM,50,False
328,93,2,16.07.2020 11:46 AM,10,False
329,118,5,17.07.2020 12:36 PM,35,True
330,65,1,18.07.2020 02:54 AM,5,True
331,134,4,18.07.2020 10:13 AM,50,False
332,34,3,19.07.2020 09:37 AM,10,True
333,142,2,20.07.2020 10:15 PM,35,True
334,9,2,20.07.2020 11:26 PM,50,False
335,63,4,21.07.2020 01:29 AM,15,True
336,88,5,21.07.2020 02:38 PM,10,True
337,131,1,22.07.2020 04:52 AM,5,False
338,95,3,22.07.2020 09:57 AM,90,True
339,131,2,23.07.2020 12:34 AM,5,False
340,77,1,23.07.2020 05:37 PM,10,False
341,77,2,24.07.2020 01:20 PM,10,False
342,134,5,25.07.2020 07:26 AM,50,False
343,142,3,26.07.2020 03:20 PM,35,True
344,105,2,26.07.2020 07:20 PM,30,True
345,141,2,27.07.2020 07:44 AM,5,False
346,108,2,27.07.2020 02:34 PM,2,False
347,65,2,27.07.2020 07:34 PM,5,True
348,5,3,28.07.2020 05:34 AM,85,True
349,146,1,28.07.2020 08:36 AM,30,False
350,4,4,28.07.2020 12:41 AM,10,False
351,25,4,29.07.2020 01:47 AM,16,True
352,109,3,29.07.2020 06:34 AM,15,True
353,145,5,01.08.2020 09:02 PM,10,True
354,28,4,02.08.2020 08:32 AM,5,True
355,116,3,02.08.2020 10:09 PM,10,False
356,88,6,03.08.2020 04:17 PM,10,True
357,22,2,03.08.2020 04:59 PM,5,False
358,111,4,03.08.2020 05:08 PM,20,False
359,107,4,04.08.2020 08:00 PM,35,True
360,25,5,05.08.2020 09:44 AM,16,True
361,103,4,06.08.2020 02:33 PM,90,True
362,95,4,06.08.2020 06:39 PM,90,True
363,10,4,06.08.2020 10:05 PM,20,False
364,70,2,07.08.2020 05:47 AM,10,True
365,139,5,07.08.2020 09:46 AM,50,False
366,149,3,07.08.2020 10:12 AM,85,True
367,57,3,07.08.2020 11:26 AM,10,True
368,140,3,07.08.2020 12:22 PM,10,False
369,125,5,08.08.2020 06:58 PM,15,True
370,108,3,09.08.2020 04:01 AM,2,False
371,137,4,09.08.2020 04:34 PM,15,True
372,61,3,12.08.2020 11:21 AM,10,True
373,60,9,12.08.2020 08:58 PM,85,True
374,38,5,13.08.2020 11:42 AM,50,False
375,18,5,13.08.2020 11:52 AM,16,True
376,65,3,15.08.2020 02:09 AM,5,True
377,79,3,16.08.2020 02:01 AM,15,True
378,126,2,16.08.2020 03:55 PM,30,False
379,61,4,17.08.2020 02:47 AM,10,True
380,16,4,17.08.2020 10:49 AM,35,True
381,24,3,18.08.2020 12:43 AM,15,True
382,6,2,18.08.2020 09:20 PM,90,True
383,40,1,18.08.2020 09:30 PM,100,True
384,91,3,18.08.2020 10:16 PM,5,False
385,23,1,19.08.2020 01:02 PM,90,True
386,71,2,19.08.2020 07:28 PM,5,False
387,120,2,19.08.2020 08:22 PM,30,False
388,31,2,20.08.2020 09:02 AM,35,True
389,47,2,21.08.2020 12:04 AM,20,False
390,61,5,22.08.2020 06:22 PM,10,True
391,95,5,22.08.2020 12:56 PM,90,True
392,148,3,23.08.2020 07:43 AM,10,True
393,105,3,24.08.2020 01:42 AM,30,True
394,103,5,25.08.2020 01:52 AM,90,True
395,45,3,25.08.2020 08:36 AM,2,False
396,132,3,26.08.2020 08:26 AM,100,True
397,32,3,26.08.2020 06:29 PM,10,True
398,120,3,27.08.2020 01:36 AM,30,False
399,95,6,27.08.2020 06:27 PM,90,True
400,77,3,28.08.2020 12:13 PM,10,False
401,96,1,29.08.2020 10:21 AM,16,True
402,12,5,29.08.2020 08:40 PM,16,True
403,24,4,29.08.2020 10:59 PM,15,True
404,115,2,30.08.2020 03:30 AM,20,True
405,31,3,30.08.2020 12:21 AM,35,True
406,145,6,30.08.2020 09:16 PM,10,True
407,90,3,31.08.2020 01:46 AM,35,True
408,10,5,31.08.2020 10:35 PM,20,False
409,126,3,31.08.2020 11:39 PM,30,False
410,120,4,01.09.2020 04:29 PM,30,False
411,22,3,02.09.2020 10:11 PM,5,False
412,18,6,02.09.2020 11:39 PM,16,True
413,115,3,03.09.2020 03:37 AM,20,True
414,125,6,03.09.2020 08:52 AM,15,True
415,65,4,03.09.2020 07:48 PM,5,True
416,121,4,04.09.2020 04:59 AM,50,False
417,40,2,04.09.2020 09:35 AM,100,True
418,18,7,04.09.2020 05:15 PM,16,True
419,98,3,04.09.2020 08:50 PM,10,False
420,101,2,05.09.2020 01:24 AM,2,False
421,9,3,05.09.2020 07:28 AM,50,False
422,32,4,05.09.2020 11:17 PM,10,True
423,113,3,06.09.2020 04:53 AM,5,True
424,83,2,06.09.2020 06:29 PM,20,False
425,36,6,06.09.2020 08:38 PM,35,True
426,97,2,06.09.2020 08:51 PM,30,True
427,12,6,07.09.2020 11:48 AM,16,True
428,129,3,09.09.2020 10:49 PM,20,False
429,72,1,10.09.2020 10:35 AM,90,True
430,38,6,10.09.2020 11:12 AM,50,False
431,124,5,10.09.2020 02:16 PM,10,True
432,37,1,10.09.2020 06:25 PM,50,False
433,56,6,11.09.2020 04:37 PM,10,True
434,26,5,12.09.2020 04:16 AM,100,True
435,2,2,12.09.2020 09:10 AM,10,True
436,75,4,12.09.2020 10:05 AM,35,True
437,76,2,12.09.2020 09:52 PM,30,False
438,98,4,13.09.2020 07:24 AM,10,False
439,52,2,13.09.2020 07:47 PM,10,False
440,94,2,14.09.2020 04:37 PM,20,False
441,17,2,15.09.2020 12:48 AM,100,True
442,40,3,15.09.2020 12:27 PM,100,True
443,65,5,17.09.2020 04:56 AM,5,True
444,99,6,17.09.2020 12:55 AM,30,False
445,98,5,17.09.2020 02:41 PM,10,False
446,117,4,18.09.2020 08:53 AM,10,False
447,35,3,18.09.2020 01:35 PM,15,True
448,33,2,19.09.2020 04:20 AM,10,False
449,131,3,19.09.2020 05:15 PM,5,False
450,71,3,19.09.2020 09:08 PM,5,False
451,126,4,20.09.2020 08:26 AM,30,False
452,144,3,21.09.2020 06:33 AM,90,True
453,98,6,22.09.2020 04:34 AM,10,False
454,84,7,23.09.2020 10:56 PM,10,True
455,6,3,24.09.2020 04:46 AM,90,True
456,59,4,24.09.2020 08:03 PM,20,False
457,119,1,26.09.2020 10:05 PM,15,True
458,146,2,27.09.2020 02:28 AM,30,False
459,139,6,28.09.2020 01:18 PM,50,False
460,101,3,28.09.2020 12:22 PM,2,False
461,39,1,29.09.2020 05:07 AM,5,True
462,99,7,29.09.2020 04:23 PM,30,False
463,123,6,29.09.2020 06:09 PM,5,False
464,66,3,29.09.2020 08:30 PM,10,False
465,132,4,29.09.2020 12:30 PM,100,True
466,144,4,01.10.2020 05:55 AM,90,True
467,89,6,01.10.2020 09:00 PM,10,False
468,111,5,02.10.2020 08:11 PM,20,False
469,122,2,02.10.2020 11:57 PM,10,True
470,29,1,03.10.2020 01:53 AM,20,False
471,14,2,05.10.2020 06:52 PM,5,True
472,81,3,06.10.2020 09:18 AM,50,False
473,3,2,06.10.2020 11:34 AM,2,False
474,142,4,06.10.2020 01:16 PM,35,True
475,91,4,08.10.2020 11:49 AM,5,False
476,107,5,09.10.2020 03:04 PM,35,True
477,43,3,10.10.2020 04:40 PM,10,True
478,138,7,11.10.2020 01:54 AM,30,False
479,29,2,11.10.2020 11:25 AM,20,False
480,131,4,11.10.2020 10:04 PM,5,False
481,50,3,12.10.2020 09:43 AM,5,False
482,112,2,12.10.2020 02:09 PM,85,True
483,13,5,13.10.2020 10:21 AM,50,False
484,91,5,13.10.2020 01:43 PM,5,False
485,53,4,15.10.2020 08:45 AM,20,True
486,28,5,16.10.2020 05:42 AM,5,True
487,107,6,16.10.2020 06:50 AM,35,True
488,111,6,16.10.2020 06:29 PM,20,False
489,24,5,16.10.2020 10:29 PM,15,True
490,10,6,17.10.2020 11:20 PM,20,False
491,117,5,18.10.2020 07:29 AM,10,False
492,34,4,19.10.2020 01:15 AM,10,True
493,115,4,19.10.2020 05:11 AM,20,True
494,35,4,20.10.2020 01:44 PM,15,True
495,133,4,20.10.2020 07:38 PM,30,False
496,114,3,21.10.2020 01:17 AM,10,False
497,15,3,21.10.2020 07:05 PM,85,True
498,88,7,21.10.2020 09:55 PM,10,True
499,52,3,22.10.2020 01:44 PM,10,False
500,46,8,23.10.2020 11:16 AM,2,False
501,31,4,25.10.2020 05:01 PM,35,True
502,99,8,25.10.2020 05:33 PM,30,False
503,132,5,25.10.2020 06:59 PM,100,True
504,134,6,27.10.2020 01:20 AM,50,False
505,78,3,27.10.2020 03:04 AM,90,True
506,33,3,27.10.2020 06:50 AM,10,False
507,102,2,27.10.2020 01:38 PM,15,True
508,8,4,28.10.2020 02:31 AM,85,True
509,123,7,29.10.2020 01:44 AM,5,False
510,108,4,29.10.2020 03:17 PM,2,False
511,66,4,30.10.2020 04:14 AM,10,False
512,36,7,30.10.2020 09:37 AM,35,True
513,104,3,31.10.2020 02:41 AM,50,False
514,142,5,31.10.2020 08:29 AM,35,True
515,76,3,31.10.2020 01:48 PM,30,False
516,141,3,01.11.2020 04:27 AM,5,False
517,15,4,02.11.2020 08:13 AM,85,True
518,33,4,02.11.2020 10:19 PM,10,False
519,148,4,03.11.2020 09:39 PM,10,True
520,34,5,04.11.2020 03:16 AM,10,True
521,5,4,04.11.2020 07:27 AM,85,True
522,53,5,04.11.2020 10:02 AM,20,True
523,57,4,05.11.2020 05:12 PM,10,True
524,34,6,05.11.2020 10:44 PM,10,True
525,38,7,07.11.2020 09:43 AM,50,False
526,19,3,07.11.2020 12:28 AM,2,False
527,146,3,07.11.2020 02:39 PM,30,False
528,17,3,07.11.2020 09:58 PM,100,True
529,97,3,09.11.2020 12:06 AM,30,True
530,98,7,09.11.2020 04:41 PM,10,False
531,66,5,09.11.2020 07:18 PM,10,False
532,28,6,09.11.2020 08:10 PM,5,True
533,149,4,09.11.2020 11:06 PM,85,True
534,147,6,10.11.2020 05:14 AM,20,True
535,64,5,10.11.2020 10:28 AM,35,True
536,75,5,10.11.2020 08:08 PM,35,True
537,55,4,10.11.2020 08:35 PM,20,False
538,98,8,11.11.2020 03:15 PM,10,False
539,94,3,11.11.2020 09:02 PM,20,False
540,26,6,12.11.2020 01:50 AM,100,True
541,135,4,13.11.2020 02:16 PM,15,True
542,87,3,14.11.2020 06:07 AM,30,False
543,104,4,14.11.2020 11:07 AM,50,False
544,139,7,14.11.2020 11:20 AM,50,False
545,49,1,14.11.2020 04:45 PM,35,True
546,100,5,17.11.2020 08:05 AM,2,False
547,61,6,18.11.2020 10:07 AM,10,True
548,136,2,18.11.2020 04:11 PM,85,True
549,112,3,19.11.2020 06:58 PM,85,True
550,75,6,20.11.2020 05:23 AM,35,True
551,110,2,20.11.2020 12:34 AM,10,False
552,64,6,21.11.2020 05:34 AM,35,True
553,108,5,22.11.2020 03:34 AM,2,False
554,85,2,22.11.2020 05:10 AM,100,True
555,77,4,22.11.2020 11:01 AM,10,False
556,26,7,23.11.2020 06:40 PM,100,True
557,114,4,24.11.2020 08:14 PM,10,False
558,130,3,26.11.2020 06:22 AM,100,True
559,6,4,26.11.2020 10:12 AM,90,True
560,53,6,27.11.2020 10:25 PM,20,True
561,85,3,28.11.2020 08:17 PM,100,True
562,94,4,30.11.2020 03:37 AM,20,False
563,45,4,30.11.2020 05:02 AM,2,False
564,9,4,30.11.2020 09:13 PM,50,False
565,86,2,01.12.2020 06:57 PM,35,True
566,64,7,02.12.2020 11:25 AM,35,True
567,76,4,02.12.2020 12:48 PM,30,False
568,59,5,03.12.2020 03:45 PM,20,False
569,6,5,06.12.2020 01:14 PM,90,True
570,42,3,07.12.2020 11:20 AM,35,True
571,132,6,08.12.2020 06:15 PM,100,True
572,26,8,09.12.2020 04:39 AM,100,True
573,64,8,09.12.2020 06:49 PM,35,True
574,131,5,10.12.2020 09:19 AM,5,False
575,88,8,10.12.2020 01:42 PM,10,True
576,13,6,10.12.2020 04:59 PM,50,False
577,16,5,11.12.2020 10:47 AM,35,True
578,91,6,11.12.2020 12:08 AM,5,False
579,85,4,11.12.2020 05:30 PM,100,True
580,128,1,12.12.2020 04:54 AM,5,False
581,68,2,12.12.2020 08:24 PM,90,True
582,55,5,13.12.2020 04:15 AM,20,False
583,7,6,13.12.2020 05:34 AM,20,True
584,38,8,15.12.2020 05:35 AM,50,False
585,148,5,16.12.2020 01:00 PM,10,True
586,112,4,16.12.2020 11:45 PM,85,True
587,8,5,17.12.2020 06:10 AM,85,True
588,73,3,17.12.2020 01:14 PM,50,False
589,110,3,17.12.2020 06:25 PM,10,False
590,145,7,18.12.2020 12:33 AM,10,True
591,2,3,18.12.2020 05:50 PM,10,True
592,60,10,18.12.2020 12:53 PM,85,True
593,90,4,19.12.2020 01:53 AM,35,True
594,122,3,19.12.2020 07:07 AM,10,True
595,16,6,19.12.2020 09:55 AM,35,True
596,93,3,19.12.2020 03:42 PM,10,False
597,19,4,20.12.2020 09:37 AM,2,False
598,91,7,20.12.2020 08:55 PM,5,False
599,70,3,22.12.2020 07:54 PM,10,True
600,98,9,23.12.2020 09:42 AM,10,False
601,31,5,23.12.2020 09:53 AM,35,True
602,63,5,23.12.2020 10:28 PM,15,True
603,55,6,24.12.2020 02:31 AM,20,False
604,60,11,24.12.2020 07:25 AM,85,True
605,72,2,26.12.2020 01:38 AM,90,True
606,18,8,26.12.2020 02:36 AM,16,True
607,59,6,26.12.2020 05:37 AM,20,False
608,124,6,26.12.2020 07:17 PM,10,True
609,87,4,26.12.2020 08:28 PM,30,False
610,146,4,27.12.2020 04:35 AM,30,False
611,31,6,29.12.2020 03:14 PM,35,True
612,147,7,30.12.2020 01:40 PM,20,True
613,59,7,30.12.2020 04:52 PM,20,False
614,96,2,30.12.2020 05:08 PM,16,True
615,62,3,31.12.2020 01:34 PM,15,True
616,42,4,31.12.2020 09:18 PM,35,True
617,142,6,01.01.2021 11:53 PM,35,True
618,82,2,02.01.2021 03:13 PM,15,True
619,139,8,02.01.2021 09:56 PM,50,False
620,52,4,03.01.2021 02:30 AM,10,False
621,49,2,03.01.2021 05:43 AM,35,True
622,40,4,03.01.2021 09:14 AM,100,True
623,142,7,03.01.2021 05:28 PM,35,True
624,149,5,04.01.2021 06:24 PM,85,True
625,135,5,04.01.2021 09:45 PM,15,True
626,78,4,05.01.2021 02:04 AM,90,True
627,140,4,05.01.2021 03:27 AM,10,False
628,74,5,05.01.2021 08:01 PM,16,True
629,121,5,06.01.2021 08:37 AM,50,False
630,148,6,06.01.2021 11:59 AM,10,True
631,43,4,07.01.2021 02:07 AM,10,True
632,121,6,07.01.2021 03:24 AM,50,False
633,73,4,07.01.2021 10:37 AM,50,False
634,113,4,07.01.2021 03:25 PM,5,True
635,149,6,07.01.2021 03:39 PM,85,True
636,126,5,08.01.2021 04:20 AM,30,False
637,147,8,08.01.2021 06:19 PM,20,True
638,74,6,08.01.2021 12:35 PM,16,True
639,102,3,09.01.2021 01:33 AM,15,True
640,143,4,10.01.2021 06:30 AM,16,True
641,15,5,10.01.2021 07:39 PM,85,True
642,149,7,11.01.2021 10:31 AM,85,True
643,6,6,12.01.2021 02:27 PM,90,True
644,96,3,12.01.2021 11:34 PM,16,True
645,11,5,12.01.2021 11:48 PM,16,True
646,48,4,12.01.2021 12:08 PM,20,False
647,125,7,12.01.2021 12:51 PM,15,True
648,82,3,13.01.2021 10:08 AM,15,True
649,106,3,14.01.2021 06:26 AM,10,True
650,27,2,15.01.2021 12:55 AM,15,True
651,79,4,15.01.2021 02:04 PM,15,True
652,101,4,16.01.2021 07:36 AM,2,False
653,126,6,16.01.2021 08:28 AM,30,False
654,45,5,17.01.2021 04:24 AM,2,False
655,88,9,17.01.2021 10:03 AM,10,True
656,48,5,19.01.2021 09:26 PM,20,False
657,21,2,20.01.2021 01:10 AM,2,False
658,124,7,20.01.2021 07:06 AM,10,True
659,96,4,20.01.2021 02:28 PM,16,True
660,131,6,21.01.2021 10:09 AM,5,False
661,6,7,23.01.2021 08:30 AM,90,True
662,1,3,23.01.2021 09:10 AM,35,True
663,7,7,24.01.2021 02:53 AM,20,True
664,127,2,26.01.2021 06:57 PM,85,True
665,48,6,26.01.2021 09:35 PM,20,False
666,92,3,28.01.2021 09:27 AM,16,True
667,144,5,29.01.2021 12:58 AM,90,True
668,97,4,30.01.2021 04:25 AM,30,True
669,49,3,01.02.2021 08:17 PM,35,True
670,115,5,02.02.2021 03:39 AM,20,True
671,61,7,02.02.2021 12:48 AM,10,True
672,117,6,02.02.2021 04:16 PM,10,False
673,13,7,02.02.2021 08:28 PM,50,False
674,28,7,03.02.2021 01:38 AM,5,True
675,102,4,03.02.2021 09:22 AM,15,True
676,1,4,04.02.2021 04:39 AM,35,True
677,70,4,04.02.2021 03:29 PM,10,True
678,139,9,04.02.2021 04:42 PM,50,False
679,59,8,05.02.2021 01:57 AM,20,False
680,43,5,05.02.2021 02:31 AM,10,True
681,61,8,05.02.2021 12:18 PM,10,True
682,89,7,06.02.2021 01:43 PM,10,False
683,59,9,06.02.2021 07:07 PM,20,False
684,130,4,08.02.2021 11:27 AM,100,True
685,75,7,08.02.2021 02:40 PM,35,True
686,60,12,08.02.2021 06:00 PM,85,True
687,33,5,10.02.2021 06:21 AM,10,False
688,119,2,12.02.2021 01:22 PM,15,True
689,17,4,12.02.2021 02:50 PM,100,True
690,115,6,12.02.2021 04:37 PM,20,True
691,109,4,13.02.2021 01:37 AM,15,True
692,68,3,13.02.2021 04:35 AM,90,True
693,17,5,15.02.2021 07:10 AM,100,True
694,130,5,15.02.2021 12:18 PM,100,True
695,136,3,16.02.2021 09:55 AM,85,True
696,121,7,17.02.2021 06:04 AM,50,False
697,124,8,17.02.2021 11:22 AM,10,True
698,20,1,17.02.2021 11:52 AM,35,True
699,6,8,17.02.2021 04:08 PM,90,True
700,138,8,19.02.2021 06:25 AM,30,False
701,82,4,21.02.2021 02:42 PM,15,True
702,22,4,21.02.2021 08:19 PM,5,False
703,133,5,22.02.2021 02:08 AM,30,False
704,5,5,24.02.2021 08:25 AM,85,True
705,3,3,24.02.2021 08:10 PM,2,False
706,121,8,25.02.2021 06:23 PM,50,False
707,109,5,25.02.2021 07:35 PM,15,True
708,10,7,26.02.2021 02:55 AM,20,False
709,12,7,26.02.2021 08:27 AM,16,True
710,74,7,26.02.2021 10:04 AM,16,True
711,94,5,26.02.2021 09:01 PM,20,False
712,139,10,27.02.2021 05:26 AM,50,False
713,94,6,28.02.2021 02:19 PM,20,False
714,110,4,01.03.2021 12:51 AM,10,False
715,60,13,01.03.2021 10:05 PM,85,True
716,22,5,02.03.2021 02:28 PM,5,False
717,43,6,02.03.2021 09:42 PM,10,True
718,79,5,03.03.2021 02:49 AM,15,True
719,23,2,03.03.2021 06:15 AM,90,True
720,15,6,03.03.2021 02:12 PM,85,True
721,8,6,04.03.2021 07:16 AM,85,True
722,42,5,04.03.2021 12:54 PM,35,True
723,17,6,05.03.2021 05:09 AM,100,True
724,75,8,05.03.2021 07:07 AM,35,True
725,51,4,05.03.2021 12:56 AM,30,False
726,134,7,06.03.2021 04:06 AM,50,False
727,11,6,06.03.2021 02:57 PM,16,True
728,124,9,06.03.2021 10:31 PM,10,True
729,126,7,06.03.2021 11:43 PM,30,False
730,92,4,07.03.2021 05:23 AM,16,True
731,75,9,07.03.2021 04:10 PM,35,True
732,11,7,07.03.2021 12:57 PM,16,True
733,28,8,08.03.2021 10:24 AM,5,True
734,131,7,08.03.2021 01:19 PM,5,False
735,106,4,09.03.2021 04:53 AM,10,True
736,94,7,10.03.2021 09:18 AM,20,False
737,125,8,10.03.2021 01:15 PM,15,True
738,113,5,11.03.2021 03:58 PM,5,True
739,43,7,13.03.2021 04:26 AM,10,True
740,82,5,13.03.2021 12:15 AM,15,True
741,110,5,13.03.2021 06:06 PM,10,False
742,114,5,14.03.2021 05:54 AM,10,False
743,102,5,15.03.2021 12:53 AM,15,True
744,36,8,15.03.2021 08:41 PM,35,True
745,82,6,15.03.2021 12:28 PM,15,True
746,87,5,16.03.2021 07:01 AM,30,False
747,108,6,16.03.2021 03:19 PM,2,False
748,88,10,17.03.2021 09:50 AM,10,True
749,107,7,17.03.2021 04:17 PM,35,True
750,7,8,17.03.2021 07:13 PM,20,True
751,42,6,17.03.2021 10:26 PM,35,True
752,41,1,18.03.2021 03:22 PM,5,False
753,106,5,18.03.2021 07:44 PM,10,True
754,77,5,19.03.2021 01:55 AM,10,False
755,18,9,19.03.2021 03:22 AM,16,True
756,48,7,19.03.2021 03:37 AM,20,False
757,35,5,19.03.2021 05:32 AM,15,True
758,106,6,19.03.2021 05:41 PM,10,True
759,149,8,20.03.2021 01:07 AM,85,True
760,110,6,20.03.2021 05:20 AM,10,False
761,129,4,20.03.2021 07:53 AM,20,False
762,15,7,20.03.2021 02:07 PM,85,True
763,147,9,21.03.2021 09:51 PM,20,True
764,51,5,22.03.2021 02:04 AM,30,False
765,109,6,22.03.2021 03:50 AM,15,True
766,102,6,22.03.2021 11:55 PM,15,True
767,106,7,23.03.2021 02:58 AM,10,True
768,67,4,24.03.2021 03:00 PM,10,True
769,143,5,25.03.2021 09:57 PM,16,True
770,21,3,28.03.2021 01:12 AM,2,False
771,4,5,28.03.2021 06:52 AM,10,False
772,140,5,28.03.2021 07:07 AM,10,False
773,2,4,28.03.2021 11:06 AM,10,True
774,109,7,28.03.2021 03:15 PM,15,True
775,132,7,28.03.2021 10:55 PM,100,True
776,15,8,29.03.2021 08:32 AM,85,True
777,77,6,29.03.2021 10:40 PM,10,False
778,21,4,29.03.2021 10:45 PM,2,False
779,89,8,30.03.2021 01:32 AM,10,False
780,148,7,30.03.2021 02:20 AM,10,True
781,111,7,30.03.2021 04:56 AM,20,False
782,11,8,30.03.2021 04:23 PM,16,True
783,52,5,30.03.2021 10:33 PM,10,False
784,10,8,31.03.2021 10:41 AM,20,False
785,38,9,31.03.2021 05:04 PM,50,False
786,113,6,01.04.2021 03:42 AM,5,True
787,138,9,01.04.2021 07:42 AM,30,False
788,98,10,01.04.2021 10:24 AM,10,False
789,85,5,04.04.2021 03:40 AM,100,True
790,7,9,05.04.2021 04:15 AM,20,True
791,78,5,05.04.2021 05:07 AM,90,True
792,76,5,06.04.2021 08:08 PM,30,False
793,55,7,07.04.2021 05:53 AM,20,False
794,52,6,08.04.2021 04:08 PM,10,False
795,30,3,08.04.2021 07:42 PM,10,True
796,16,7,09.04.2021 09:42 AM,35,True
797,30,4,09.04.2021 11:13 PM,10,True
798,33,6,10.04.2021 03:53 AM,10,False
799,108,7,10.04.2021 04:19 PM,2,False
800,117,7,10.04.2021 04:44 PM,10,False
801,15,9,10.04.2021 04:51 PM,85,True
802,137,5,10.04.2021 09:28 PM,15,True
803,9,5,12.04.2021 03:47 AM,50,False
804,48,8,12.04.2021 04:36 AM,20,False
805,120,5,12.04.2021 10:38 PM,30,False
806,62,4,13.04.2021 10:41 AM,15,True
807,126,8,14.04.2021 10:50 PM,30,False
808,96,5,14.04.2021 11:35 PM,16,True
809,134,8,16.04.2021 08:54 AM,50,False
810,128,2,16.04.2021 04:41 PM,5,False
811,120,6,17.04.2021 04:22 AM,30,False
812,97,5,19.04.2021 10:49 AM,30,True
813,59,10,19.04.2021 01:30 PM,20,False
814,73,5,20.04.2021 06:46 AM,50,False
815,124,10,20.04.2021 12:26 AM,10,True
816,38,10,20.04.2021 09:18 PM,50,False
817,13,8,22.04.2021 06:10 AM,50,False
818,125,9,22.04.2021 05:56 PM,15,True
819,94,8,23.04.2021 10:41 AM,20,False
820,56,7,24.04.2021 06:28 PM,10,True
821,40,5,24.04.2021 10:50 PM,100,True
822,138,10,25.04.2021 04:23 AM,30,False
823,37,2,26.04.2021 12:35 AM,50,False
824,112,5,27.04.2021 03:43 AM,85,True
825,85,6,27.04.2021 04:38 AM,100,True
826,27,3,28.04.2021 05:06 AM,15,True
827,16,8,28.04.2021 04:30 PM,35,True
828,4,6,28.04.2021 06:44 PM,10,False
829,11,9,28.04.2021 12:48 PM,16,True
830,123,8,30.04.2021 03:06 AM,5,False
831,105,4,01.05.2021 07:36 PM,30,True
832,57,5,01.05.2021 12:12 PM,10,True
833,9,6,03.05.2021 02:03 PM,50,False
834,132,8,03.05.2021 10:31 PM,100,True
835,3,4,04.05.2021 07:59 PM,2,False
836,97,6,05.05.2021 04:50 PM,30,True
837,122,4,05.05.2021 07:04 PM,10,True
838,140,6,06.05.2021 05:55 PM,10,False
839,34,7,08.05.2021 02:13 PM,10,True
840,97,7,08.05.2021 06:52 PM,30,True
841,45,6,08.05.2021 10:49 PM,2,False
842,35,6,09.05.2021 05:23 AM,15,True
843,3,5,09.05.2021 08:03 AM,2,False
844,91,8,09.05.2021 07:17 PM,5,False
845,99,9,10.05.2021 06:53 AM,30,False
846,132,9,10.05.2021 08:28 AM,100,True
847,140,7,10.05.2021 01:28 PM,10,False
848,28,9,10.05.2021 06:53 PM,5,True
849,46,9,11.05.2021 07:57 AM,2,False
850,124,11,12.05.2021 02:53 PM,10,True
851,54,4,12.05.2021 07:27 PM,20,False
852,85,7,12.05.2021 09:06 PM,100,True
853,99,10,13.05.2021 02:27 AM,30,False
854,130,6,13.05.2021 05:42 PM,100,True
855,63,6,16.05.2021 01:14 PM,15,True
856,41,2,17.05.2021 12:06 AM,5,False
857,102,7,17.05.2021 05:45 PM,15,True
858,136,4,17.05.2021 09:23 PM,85,True
859,67,5,18.05.2021 12:12 PM,10,True
860,20,2,20.05.2021 09:35 AM,35,True
861,25,6,21.05.2021 10:27 PM,16,True
862,24,6,23.05.2021 07:23 AM,15,True
863,22,6,23.05.2021 03:49 PM,5,False
864,1,5,23.05.2021 11:37 PM,35,True
865,57,6,24.05.2021 03:15 PM,10,True
866,132,10,24.05.2021 05:29 PM,100,True
867,96,6,24.05.2021 11:12 PM,16,True
868,110,7,25.05.2021 02:45 AM,10,False
869,63,7,25.05.2021 05:08 PM,15,True
870,109,8,25.05.2021 05:44 PM,15,True
871,35,7,26.05.2021 10:04 PM,15,True
872,104,5,27.05.2021 01:25 AM,50,False
873,120,7,27.05.2021 10:47 AM,30,False
874,121,9,28.05.2021 02:53 AM,50,False
875,61,9,28.05.2021 02:23 PM,10,True
876,46,10,29.05.2021 04:17 PM,2,False
877,12,8,30.05.2021 03:03 AM,16,True
878,1,6,30.05.2021 07:09 PM,35,True
879,40,6,30.05.2021 09:34 PM,100,True
880,30,5,31.05.2021 12:38 PM,10,True
881,92,5,01.06.2021 12:21 PM,16,True
882,129,5,02.06.2021 01:21 AM,20,False
883,80,2,02.06.2021 03:06 AM,35,True
884,52,7,02.06.2021 07:06 AM,10,False
885,45,7,03.06.2021 01:45 AM,2,False
886,50,4,03.06.2021 02:27 AM,5,False
887,97,8,03.06.2021 06:21 AM,30,True
888,128,3,04.06.2021 07:52 AM,5,False
889,126,9,04.06.2021 01:51 PM,30,False
890,94,9,05.06.2021 01:41 AM,20,False
891,1,7,05.06.2021 10:49 AM,35,True
892,34,8,05.06.2021 11:29 AM,10,True
893,113,7,05.06.2021 03:20 PM,5,True
894,128,4,05.06.2021 03:48 PM,5,False
895,15,10,06.06.2021 06:25 AM,85,True
896,102,8,06.06.2021 05:17 PM,15,True
897,91,9,06.06.2021 05:56 PM,5,False
898,57,7,06.06.2021 08:23 PM,10,True
899,86,3,07.06.2021 06:41 PM,35,True
900,38,11,08.06.2021 03:02 PM,50,False
901,94,10,10.06.2021 08:14 AM,20,False
902,75,10,10.06.2021 09:29 AM,35,True
903,40,7,10.06.2021 11:47 AM,100,True
904,54,5,10.06.2021 01:04 PM,20,False
905,113,8,10.06.2021 02:33 PM,5,True
906,85,8,11.06.2021 05:08 PM,100,True
907,113,9,14.06.2021 07:50 PM,5,True
908,127,3,15.06.2021 10:10 AM,85,True
909,86,4,17.06.2021 07:49 AM,35,True
910,42,7,18.06.2021 05:53 PM,35,True
911,76,6,19.06.2021 06:42 AM,30,False
912,40,8,20.06.2021 02:44 AM,100,True
913,73,6,20.06.2021 06:09 PM,50,False
914,48,9,21.06.2021 11:03 PM,20,False
915,87,6,22.06.2021 01:40 AM,30,False
916,16,9,22.06.2021 01:47 PM,35,True
917,13,9,23.06.2021 02:10 AM,50,False
918,41,3,23.06.2021 02:20 AM,5,False
919,148,8,24.06.2021 10:19 PM,10,True
920,65,6,25.06.2021 01:33 AM,5,True
921,125,10,25.06.2021 08:08 PM,15,True
922,106,8,26.06.2021 03:16 AM,10,True
923,62,5,26.06.2021 12:49 AM,15,True
924,51,6,26.06.2021 11:42 PM,30,False
925,22,7,27.06.2021 08:11 AM,5,False
926,9,7,27.06.2021 04:40 PM,50,False
927,47,3,29.06.2021 10:21 AM,20,False
928,7,10,01.07.2021 01:30 AM,20,True
929,139,11,01.07.2021 04:38 AM,50,False
930,48,10,01.07.2021 11:20 AM,20,False
931,131,8,02.07.2021 07:32 PM,5,False
932,128,5,03.07.2021 03:51 PM,5,False
933,148,9,03.07.2021 05:43 PM,10,True
934,107,8,05.07.2021 01:23 PM,35,True
935,111,8,05.07.2021 08:57 PM,20,False
936,134,9,06.07.2021 01:59 AM,50,False
937,131,9,06.07.2021 01:17 PM,5,False
938,45,8,07.07.2021 03:56 AM,2,False
939,135,6,07.07.2021 02:04 PM,15,True
940,72,3,09.07.2021 06:09 AM,90,True
941,132,11,09.07.2021 03:03 PM,100,True
942,6,9,09.07.2021 09:19 PM,90,True
943,10,9,11.07.2021 12:35 PM,20,False
944,74,8,11.07.2021 12:59 PM,16,True
945,94,11,12.07.2021 03:26 PM,20,False
946,132,12,13.07.2021 10:19 AM,100,True
947,125,11,14.07.2021 06:06 AM,15,True
948,14,3,14.07.2021 10:54 AM,5,True
949,147,10,14.07.2021 04:41 PM,20,True
950,70,5,14.07.2021 07:33 PM,10,True
951,124,12,15.07.2021 11:45 AM,10,True
952,76,7,15.07.2021 01:06 PM,30,False
953,92,6,15.07.2021 09:44 PM,16,True
954,135,7,17.07.2021 07:54 PM,15,True
955,22,8,18.07.2021 11:40 AM,5,False
956,3,6,18.07.2021 06:11 PM,2,False
957,121,10,19.07.2021 04:17 PM,50,False
958,58,4,21.07.2021 04:38 AM,5,True
959,45,9,21.07.2021 01:48 PM,2,False
960,63,8,22.07.2021 12:25 PM,15,True
961,36,9,23.07.2021 10:45 PM,35,True
962,47,4,26.07.2021 09:02 PM,20,False
963,90,5,28.07.2021 02:48 AM,35,True
964,1,8,28.07.2021 09:55 PM,35,True
965,130,7,29.07.2021 02:24 PM,100,True
966,92,7,30.07.2021 02:55 PM,16,True
967,115,7,30.07.2021 07:20 PM,20,True
968,45,10,30.07.2021 09:08 PM,2,False
969,64,9,30.07.2021 12:52 PM,35,True
970,125,12,31.07.2021 09:43 PM,15,True
971,46,11,01.08.2021 07:39 AM,2,False
972,74,9,01.08.2021 08:16 AM,16,True
973,132,13,01.08.2021 09:48 AM,100,True
974,5,6,01.08.2021 11:39 AM,85,True
975,7,11,02.08.2021 03:15 PM,20,True
976,138,11,02.08.2021 06:39 PM,30,False
977,11,10,03.08.2021 11:11 AM,16,True
978,105,5,03.08.2021 04:05 PM,30,True
979,1,9,04.08.2021 03:46 AM,35,True
980,84,8,04.08.2021 02:11 PM,10,True
981,103,6,06.08.2021 11:17 AM,90,True
982,144,6,06.08.2021 05:15 PM,90,True
983,136,5,07.08.2021 04:51 AM,85,True
984,32,5,07.08.2021 08:51 PM,10,True
985,130,8,08.08.2021 06:37 AM,100,True
986,83,3,10.08.2021 01:29 PM,20,False
987,32,6,10.08.2021 07:09 PM,10,True
988,90,6,12.08.2021 01:00 PM,35,True
989,90,7,12.08.2021 10:34 PM,35,True
990,115,8,13.08.2021 03:30 AM,20,True
991,41,4,13.08.2021 03:56 AM,5,False
992,148,10,13.08.2021 02:54 PM,10,True
993,139,12,14.08.2021 10:45 PM,50,False
994,112,6,15.08.2021 03:14 AM,85,True
995,124,13,16.08.2021 08:55 AM,10,True
996,42,8,17.08.2021 01:07 AM,35,True
997,93,4,17.08.2021 08:43 PM,10,False
998,123,9,18.08.2021 05:06 AM,5,False
999,17,7,18.08.2021 08:32 AM,100,True
1000,6,10,19.08.2021 02:44 AM,90,True
1001,117,8,19.08.2021 06:16 AM,10,False
1002,44,2,19.08.2021 05:03 PM,85,True
1003,147,11,19.08.2021 07:31 PM,20,True
1004,142,8,19.08.2021 10:34 PM,35,True
1005,44,3,20.08.2021 08:24 AM,85,True
1006,50,5,20.08.2021 03:43 PM,5,False
1007,59,11,20.08.2021 09:06 PM,20,False
1008,4,7,21.08.2021 10:54 AM,10,False
1009,74,10,21.08.2021 11:39 AM,16,True
1010,85,9,21.08.2021 03:03 PM,100,True
1011,141,4,22.08.2021 11:23 PM,5,False
1012,40,9,25.08.2021 07:31 AM,100,True
1013,77,7,25.08.2021 05:14 PM,10,False
1014,116,4,25.08.2021 08:54 PM,10,False
1015,63,9,25.08.2021 09:38 PM,15,True
1016,92,8,26.08.2021 02:24 AM,16,True
1017,6,11,26.08.2021 05:47 PM,90,True
1018,118,6,26.08.2021 11:36 PM,35,True
1019,37,3,28.08.2021 11:43 AM,50,False
1020,87,7,28.08.2021 07:09 PM,30,False
1021,105,6,29.08.2021 05:05 AM,30,True
1022,3,7,29.08.2021 10:53 AM,2,False
1023,126,10,29.08.2021 12:56 PM,30,False
1024,137,6,01.09.2021 01:04 AM,15,True
1025,108,8,02.09.2021 02:13 AM,2,False
1026,76,8,04.09.2021 06:06 PM,30,False
1027,5,7,04.09.2021 10:03 PM,85,True
1028,29,3,06.09.2021 10:30 PM,20,False
1029,112,7,07.09.2021 05:36 AM,85,True
1030,23,3,07.09.2021 07:57 PM,90,True
1031,89,9,07.09.2021 10:39 PM,10,False
1032,21,5,09.09.2021 08:39 AM,2,False
1033,78,6,09.09.2021 08:18 PM,90,True
1034,68,4,10.09.2021 04:41 AM,90,True
1035,109,9,10.09.2021 08:51 AM,15,True
1036,44,4,11.09.2021 03:18 AM,85,True
1037,94,12,12.09.2021 04:13 AM,20,False
1038,74,11,12.09.2021 11:29 AM,16,True
1039,102,9,12.09.2021 12:30 PM,15,True
1040,103,7,14.09.2021 11:34 PM,90,True
1041,34,9,15.09.2021 04:07 AM,10,True
1042,64,10,15.09.2021 07:46 PM,35,True
1043,30,6,15.09.2021 09:10 PM,10,True
1044,59,12,16.09.2021 06:17 AM,20,False
1045,112,8,16.09.2021 01:45 PM,85,True
1046,7,12,19.09.2021 04:45 PM,20,True
1047,124,14,20.09.2021 12:11 PM,10,True
1048,110,8,21.09.2021 03:51 PM,10,False
1049,44,5,21.09.2021 06:29 PM,85,True
1050,94,13,22.09.2021 10:19 PM,20,False
1051,20,3,23.09.2021 03:30 AM,35,True
1052,128,6,23.09.2021 10:51 PM,5,False
1053,66,6,24.09.2021 03:04 AM,10,False
1054,73,7,24.09.2021 03:25 AM,50,False
1055,51,7,24.09.2021 04:46 AM,30,False
1056,19,5,24.09.2021 09:30 AM,2,False
1057,142,9,24.09.2021 06:38 PM,35,True
1058,80,3,25.09.2021 09:41 PM,35,True
1059,64,11,26.09.2021 10:42 AM,35,True
1060,68,5,27.09.2021 09:18 AM,90,True
1061,115,9,27.09.2021 10:27 PM,20,True
1062,36,10,28.09.2021 10:25 AM,35,True
1063,132,14,28.09.2021 05:27 PM,100,True
1064,81,4,28.09.2021 09:50 PM,50,False
1065,117,9,28.09.2021 12:16 PM,10,False
1066,124,15,30.09.2021 02:41 PM,10,True
1067,47,5,01.10.2021 07:17 AM,20,False
1068,129,6,01.10.2021 04:55 PM,20,False
1069,21,6,02.10.2021 02:37 PM,2,False
1070,40,10,03.10.2021 01:38 AM,100,True
1071,48,11,03.10.2021 11:25 AM,20,False
1072,142,10,03.10.2021 12:50 AM,35,True
1073,10,10,03.10.2021 06:35 PM,20,False
1074,96,7,03.10.2021 07:30 PM,16,True
1075,145,8,03.10.2021 12:30 PM,10,True
1076,114,6,05.10.2021 10:27 PM,10,False
1077,24,7,06.10.2021 08:03 AM,15,True
1078,40,11,06.10.2021 09:46 AM,100,True
1079,86,5,07.10.2021 08:44 PM,35,True
1080,139,13,07.10.2021 09:29 PM,50,False
1081,76,9,09.10.2021 12:35 AM,30,False
1082,139,14,10.10.2021 07:04 AM,50,False
1083,70,6,11.10.2021 10:54 PM,10,True
1084,53,7,12.10.2021 06:28 AM,20,True
1085,138,12,13.10.2021 04:22 AM,30,False
1086,144,7,13.10.2021 05:53 AM,90,True
1087,148,11,13.10.2021 10:05 AM,10,True
1088,96,8,14.10.2021 07:46 AM,16,True
1089,38,12,14.10.2021 11:53 AM,50,False
1090,97,9,14.10.2021 03:19 PM,30,True
1091,144,8,15.10.2021 02:31 AM,90,True
1092,148,12,15.10.2021 07:16 AM,10,True
1093,29,4,16.10.2021 11:36 PM,20,False
1094,48,12,17.10.2021 02:37 PM,20,False
1095,75,11,18.10.2021 04:11 AM,35,True
1096,117,10,19.10.2021 07:16 PM,10,False
1097,105,7,19.10.2021 09:40 PM,30,True
1098,142,11,20.10.2021 07:59 PM,35,True
1099,139,15,21.10.2021 11:29 AM,50,False
1100,142,12,21.10.2021 01:12 PM,35,True
1101,104,6,21.10.2021 04:32 PM,50,False
1102,125,13,22.10.2021 01:08 AM,15,True
1103,82,7,22.10.2021 02:36 AM,15,True
1104,8,7,22.10.2021 07:16 PM,85,True
1105,129,7,23.10.2021 08:48 AM,20,False
1106,139,16,23.10.2021 10:15 AM,50,False
1107,45,11,23.10.2021 09:50 PM,2,False
1108,12,9,24.10.2021 02:11 AM,16,True
1109,44,6,24.10.2021 09:11 PM,85,True
1110,29,5,25.10.2021 07:11 AM,20,False
1111,92,9,26.10.2021 03:03 AM,16,True
1112,48,13,28.10.2021 11:42 AM,20,False
1113,142,13,28.10.2021 12:39 AM,35,True
1114,105,8,28.10.2021 03:15 PM,30,True
1115,128,7,29.10.2021 04:52 PM,5,False
1116,134,10,29.10.2021 11:50 PM,50,False
1117,99,11,30.10.2021 02:05 AM,30,False
1118,39,2,30.10.2021 06:31 AM,5,True
1119,64,12,30.10.2021 07:01 AM,35,True
1120,132,15,31.10.2021 04:56 AM,100,True
1121,55,8,31.10.2021 04:41 PM,20,False
1122,124,16,01.11.2021 08:57 AM,10,True
1123,117,11,01.11.2021 02:17 PM,10,False
1124,49,4,02.11.2021 02:43 AM,35,True
1125,17,8,02.11.2021 12:03 AM,100,True
1126,105,9,02.11.2021 12:54 AM,30,True
1127,98,11,03.11.2021 01:26 PM,10,False
1128,122,5,04.11.2021 10:28 AM,10,True
1129,118,7,04.11.2021 09:08 PM,35,True
1130,27,4,05.11.2021 12:24 PM,15,True
1131,1,10,06.11.2021 03:48 AM,35,True
1132,8,8,06.11.2021 01:21 PM,85,True
1133,113,10,06.11.2021 12:04 PM,5,True
1134,101,5,07.11.2021 06:34 AM,2,False
1135,43,8,09.11.2021 09:36 AM,10,True
1136,27,5,09.11.2021 12:51 PM,15,True
1137,138,13,10.11.2021 02:57 AM,30,False
1138,83,4,10.11.2021 06:10 AM,20,False
1139,24,8,10.11.2021 04:34 PM,15,True
1140,2,5,10.11.2021 07:17 PM,10,True
1141,127,4,11.11.2021 11:25 PM,85,True
1142,102,10,13.11.2021 10:12 AM,15,True
1143,133,6,13.11.2021 11:38 AM,30,False
1144,39,3,13.11.2021 12:56 AM,5,True
1145,61,10,13.11.2021 10:01 PM,10,True
1146,93,5,13.11.2021 12:11 PM,10,False
1147,140,8,15.11.2021 05:31 AM,10,False
1148,130,9,15.11.2021 01:03 PM,100,True
1149,58,5,16.11.2021 04:15 AM,5,True
1150,111,9,16.11.2021 11:06 PM,20,False
1151,119,3,16.11.2021 11:27 PM,15,True
1152,108,9,18.11.2021 01:42 AM,2,False
1153,94,14,19.11.2021 06:45 AM,20,False
1154,12,10,20.11.2021 01:01 AM,16,True
1155,91,10,20.11.2021 07:01 AM,5,False
1156,21,7,20.11.2021 08:08 PM,2,False
1157,88,11,21.11.2021 05:58 AM,10,True
1158,114,7,21.11.2021 03:17 PM,10,False
1159,29,6,21.11.2021 03:36 PM,20,False
1160,144,9,21.11.2021 08:23 PM,90,True
1161,148,13,22.11.2021 09:02 AM,10,True
1162,25,7,23.11.2021 08:06 AM,16,True
1163,92,10,23.11.2021 03:24 PM,16,True
1164,148,14,23.11.2021 08:25 PM,10,True
1165,96,9,23.11.2021 12:59 PM,16,True
1166,134,11,24.11.2021 08:43 PM,50,False
1167,137,7,24.11.2021 09:33 PM,15,True
1168,139,17,25.11.2021 10:10 PM,50,False
1169,38,13,26.11.2021 03:24 AM,50,False
1170,50,6,26.11.2021 06:56 AM,5,False
1171,3,8,27.11.2021 04:06 AM,2,False
1172,17,9,27.11.2021 06:55 AM,100,True
1173,43,9,27.11.2021 05:48 PM,10,True
1174,116,5,28.11.2021 03:09 AM,10,False
1175,84,9,28.11.2021 08:28 PM,10,True
1176,112,9,29.11.2021 05:35 PM,85,True
1177,9,8,29.11.2021 06:19 PM,50,False
1178,139,18,01.12.2021 09:47 PM,50,False
1179,102,11,02.12.2021 12:45 PM,15,True
1180,76,10,03.12.2021 05:57 AM,30,False
1181,3,9,03.12.2021 09:31 AM,2,False
1182,94,15,03.12.2021 02:11 PM,20,False
1183,46,12,03.12.2021 05:24 PM,2,False
1184,54,6,05.12.2021 10:58 PM,20,False
1185,127,5,06.12.2021 05:33 PM,85,True
1186,14,4,07.12.2021 01:42 AM,5,True
1187,108,10,07.12.2021 01:49 AM,2,False
1188,27,6,07.12.2021 07:21 PM,15,True
1189,78,7,07.12.2021 11:16 PM,90,True
1190,45,12,10.12.2021 11:33 PM,2,False
1191,9,9,11.12.2021 02:05 AM,50,False
1192,24,9,11.12.2021 05:36 AM,15,True
1193,68,6,11.12.2021 07:47 AM,90,True
1194,45,13,11.12.2021 10:49 AM,2,False
1195,58,6,11.12.2021 12:39 AM,5,True
1196,52,8,11.12.2021 02:51 PM,10,False
1197,78,8,12.12.2021 02:50 AM,90,True
1198,37,4,12.12.2021 11:59 AM,50,False
1199,36,11,12.12.2021 01:47 PM,35,True
1200,84,10,12.12.2021 04:07 PM,10,True
1201,114,8,12.12.2021 08:23 PM,10,False
1202,27,7,12.12.2021 11:56 PM,15,True
1203,21,8,13.12.2021 08:25 PM,2,False
1204,25,8,13.12.2021 11:34 PM,16,True
1205,3,10,14.12.2021 12:41 AM,2,False
1206,97,10,15.12.2021 12:49 PM,30,True
1207,66,7,16.12.2021 07:03 AM,10,False
1208,91,11,16.12.2021 11:58 PM,5,False
1209,143,6,18.12.2021 02:28 AM,16,True
1210,102,12,18.12.2021 02:54 PM,15,True
1211,102,13,20.12.2021 04:04 PM,15,True
1212,51,8,20.12.2021 06:50 PM,30,False
1213,78,9,22.12.2021 05:47 PM,90,True
1214,136,6,23.12.2021 06:04 AM,85,True
1215,38,14,23.12.2021 06:20 AM,50,False
1216,137,8,23.12.2021 05:56 PM,15,True
1217,27,8,24.12.2021 07:19 AM,15,True
1218,127,6,24.12.2021 12:40 AM,85,True
1219,93,6,24.12.2021 06:49 PM,10,False
1220,56,8,25.12.2021 03:43 AM,10,True
1221,39,4,25.12.2021 03:12 PM,5,True
1222,32,7,27.12.2021 06:27 AM,10,True
1223,87,8,27.12.2021 03:33 PM,30,False
1224,47,6,27.12.2021 03:39 PM,20,False
1225,27,9,27.12.2021 03:44 PM,15,True
1226,149,9,28.12.2021 02:19 PM,85,True
1227,19,6,28.12.2021 09:31 PM,2,False
1228,97,11,28.12.2021 11:51 PM,30,True
1229,83,5,29.12.2021 01:02 PM,20,False
1230,95,7,29.12.2021 03:32 PM,90,True
1231,78,10,30.12.2021 11:03 AM,90,True
1232,58,7,30.12.2021 08:16 PM,5,True
