event_id_PK,product_instance_id_FK,calling_msisdn,called_msisdn,date,cost,duration,number_of_sms,number_of_data,event_type,direction,roaming
1,671,399,94,01.01.2020 05:32 PM,0.0,,1,,sms,incoming,1
2,82,930,115,02.01.2020 08:52 AM,0.8999999999999999,159,,,call,outgoing,0
3,97,412,940,03.01.2020 10:32 PM,0.0,,,2187,data,,0
4,429,615,971,05.01.2020 06:08 PM,0.0,,,619,data,,0
5,894,485,1236,06.01.2020 06:07 PM,0.0,54,,,call,incoming,0
6,731,432,619,06.01.2020 09:22 PM,0.0,,,4790,data,,1
7,397,552,1064,07.01.2020 07:42 AM,0.0,147,,,call,incoming,0
8,406,371,879,07.01.2020 11:06 PM,437850.0,,,4865,data,,1
9,336,896,1250,08.01.2020 01:37 PM,1.5,268,,,call,incoming,0
10,322,893,384,08.01.2020 02:33 PM,197320.0,,,4933,data,,0
11,152,1149,711,12.01.2020 06:41 PM,0.0,43,,,call,incoming,0
12,84,1165,163,14.01.2020 04:39 AM,0.0,199,,,call,incoming,0
13,350,1298,457,14.01.2020 08:41 AM,0.0,3,,,call,outgoing,1
14,985,381,1012,14.01.2020 02:31 PM,1.5,246,,,call,incoming,1
15,98,320,591,16.01.2020 07:45 AM,0.0,229,,,call,outgoing,0
16,212,657,1321,17.01.2020 03:40 AM,454300.0,,,4130,data,,0
17,874,826,1209,17.01.2020 02:28 PM,0.0,,1,,sms,outgoing,1
18,333,1016,441,18.01.2020 07:56 PM,0.0,162,,,call,outgoing,1
19,592,50,665,18.01.2020 10:44 PM,130140.0,,,1446,data,,0
20,522,295,279,19.01.2020 04:10 AM,0.0,261,,,call,incoming,0
21,292,380,1035,19.01.2020 12:13 AM,0.0,243,,,call,outgoing,1
22,256,581,500,20.01.2020 08:01 PM,0.0,43,,,call,outgoing,0
23,404,472,237,22.01.2020 02:36 AM,0.0,,1,,sms,outgoing,1
24,107,753,885,22.01.2020 12:21 AM,200100.0,,,2668,data,,0
25,674,1221,302,24.01.2020 05:50 AM,0.0,228,,,call,outgoing,0
26,127,463,969,24.01.2020 07:21 AM,0.0,,1,,sms,outgoing,0
27,787,1030,115,27.01.2020 02:44 PM,0.0,,,4739,data,,0
28,105,150,1003,27.01.2020 11:03 PM,0.0,92,,,call,incoming,0
29,985,1266,1265,30.01.2020 06:49 AM,0.3,11,,,call,outgoing,1
30,122,1255,471,02.02.2020 01:10 AM,0.0,288,,,call,outgoing,1
31,112,664,535,02.02.2020 04:04 AM,24680.0,,,617,data,,0
32,571,1214,560,03.02.2020 02:48 PM,0.0,191,,,call,incoming,1
33,829,1052,1002,03.02.2020 10:27 PM,0.0,124,,,call,outgoing,0
34,82,1255,1346,03.02.2020 11:18 PM,0.3,16,,,call,incoming,0
35,505,188,811,05.02.2020 10:56 PM,72450.0,,,966,data,,0
36,451,345,566,06.02.2020 10:37 AM,298125.0,,,3975,data,,0
37,739,446,115,08.02.2020 08:27 AM,0.0,73,,,call,outgoing,1
38,712,713,1025,09.02.2020 10:40 AM,439780.0,,,3998,data,,0
39,648,479,1049,11.02.2020 11:05 PM,0.6,104,,,call,incoming,0
40,45,215,760,13.02.2020 07:17 AM,192450.0,,,2566,data,,0
41,793,242,842,14.02.2020 04:52 AM,0.0,51,,,call,incoming,1
42,854,875,177,14.02.2020 06:30 AM,350700.0,,,4676,data,,0
43,985,201,237,14.02.2020 07:47 PM,0.3,16,,,call,outgoing,1
44,251,603,915,14.02.2020 10:57 PM,0.0,168,,,call,outgoing,0
45,297,423,469,14.02.2020 11:24 PM,0.0,50,,,call,incoming,1
46,500,932,290,15.02.2020 04:43 AM,0.0,,1,,sms,outgoing,0
47,46,624,668,15.02.2020 05:16 AM,0.0,179,,,call,outgoing,1
48,773,365,689,15.02.2020 06:55 AM,0.0,27,,,call,outgoing,0
49,398,197,219,15.02.2020 01:04 PM,0.0,276,,,call,incoming,1
50,642,283,691,17.02.2020 07:33 AM,0.0,269,,,call,incoming,1
51,861,326,356,17.02.2020 06:50 PM,0.0,46,,,call,outgoing,0
52,26,1365,317,18.02.2020 01:21 AM,0.0,124,,,call,outgoing,0
53,430,801,188,18.02.2020 03:06 PM,0.0,103,,,call,incoming,0
54,552,1103,953,18.02.2020 07:36 PM,0.0,115,,,call,incoming,0
55,673,406,728,19.02.2020 05:01 AM,0.0,189,,,call,outgoing,0
56,919,1286,513,19.02.2020 05:19 PM,0.6,100,,,call,incoming,0
57,640,579,1283,20.02.2020 06:38 AM,0.0,257,,,call,outgoing,0
58,968,699,376,20.02.2020 07:15 AM,0.02,,1,,sms,incoming,0
59,563,965,397,20.02.2020 01:03 PM,284900.0,,,2590,data,,0
60,376,1198,131,21.02.2020 08:31 AM,0.3,42,,,call,outgoing,1
61,38,1136,315,22.02.2020 09:04 AM,0.0,241,,,call,incoming,0
62,479,1377,1220,22.02.2020 04:12 PM,0.0,11,,,call,outgoing,1
63,365,52,449,23.02.2020 05:18 AM,1.5,275,,,call,outgoing,0
64,167,22,553,23.02.2020 10:44 PM,0.0,252,,,call,outgoing,1
65,49,1052,423,24.02.2020 12:40 AM,0.0,21,,,call,incoming,0
66,638,156,1365,24.02.2020 03:35 PM,0.0,,,1125,data,,0
67,624,1395,1274,24.02.2020 07:06 PM,0.0,145,,,call,outgoing,0
68,550,868,1176,27.02.2020 08:26 AM,0.0,91,,,call,incoming,0
69,865,961,873,28.02.2020 04:45 AM,0.0,,,925,data,,0
70,589,448,13,28.02.2020 11:25 PM,0.0,,,2926,data,,0
71,365,809,768,01.03.2020 05:38 AM,0.3,36,,,call,incoming,0
72,233,645,145,01.03.2020 11:18 AM,0.0,260,,,call,incoming,0
73,372,1330,329,02.03.2020 02:44 PM,0.0,,1,,sms,incoming,0
74,409,868,378,02.03.2020 07:06 PM,0.0,248,,,call,outgoing,1
75,17,789,1217,04.03.2020 10:25 AM,0.0,253,,,call,incoming,0
76,879,633,559,05.03.2020 01:57 PM,0.0,48,,,call,outgoing,1
77,417,58,676,05.03.2020 10:17 PM,0.0,,1,,sms,incoming,0
78,345,1210,504,06.03.2020 01:11 AM,0.0,253,,,call,incoming,0
79,116,668,550,07.03.2020 11:30 AM,0.0,267,,,call,incoming,0
80,570,1387,934,08.03.2020 01:48 PM,0.0,124,,,call,outgoing,0
81,350,33,753,11.03.2020 02:34 AM,0.0,37,,,call,outgoing,0
82,256,766,461,12.03.2020 05:22 AM,0.0,227,,,call,outgoing,1
83,665,391,1125,12.03.2020 05:35 AM,0.0,,,2285,data,,1
84,80,891,1015,12.03.2020 08:16 AM,68360.0,,,1709,data,,1
85,203,439,1350,13.03.2020 06:36 AM,0.0,24,,,call,outgoing,1
86,914,926,1115,14.03.2020 10:07 AM,0.0,,1,,sms,incoming,1
87,209,1318,988,14.03.2020 03:03 PM,0.0,,1,,sms,incoming,0
88,265,181,923,14.03.2020 09:13 PM,0.0,295,,,call,outgoing,1
89,289,225,110,16.03.2020 07:10 AM,0.0,205,,,call,incoming,0
90,11,1363,909,16.03.2020 12:55 PM,430290.0,,,4781,data,,0
91,1000,16,1356,17.03.2020 06:05 PM,0.0,,,1811,data,,0
92,708,847,874,17.03.2020 10:23 PM,0.0,,,2015,data,,0
93,315,1015,927,18.03.2020 03:27 PM,253620.0,,,2818,data,,1
94,895,794,334,20.03.2020 03:03 AM,0.0,61,,,call,outgoing,0
95,506,644,579,20.03.2020 06:46 PM,0.02,,1,,sms,incoming,0
96,626,726,1215,21.03.2020 09:23 PM,0.0,232,,,call,incoming,0
97,926,1368,330,21.03.2020 09:46 PM,0.02,,1,,sms,incoming,0
98,472,626,1060,22.03.2020 01:25 AM,0.0,196,,,call,outgoing,0
99,995,458,1176,23.03.2020 06:54 AM,0.0,156,,,call,outgoing,0
100,320,527,287,23.03.2020 01:01 PM,0.0,171,,,call,incoming,0
101,82,268,669,23.03.2020 02:54 PM,1.5,286,,,call,outgoing,0
102,795,133,114,23.03.2020 12:32 PM,0.02,,1,,sms,incoming,0
103,395,1056,1301,24.03.2020 09:08 AM,0.0,,1,,sms,outgoing,0
104,358,930,534,24.03.2020 03:39 PM,0.0,136,,,call,incoming,1
105,924,337,896,25.03.2020 11:46 AM,162990.0,,,1811,data,,1
106,659,1249,1348,27.03.2020 11:09 PM,0.02,,1,,sms,incoming,0
107,990,1039,1354,28.03.2020 02:43 AM,0.0,,1,,sms,incoming,0
108,692,1312,837,28.03.2020 11:39 AM,0.0,206,,,call,incoming,0
109,266,204,826,30.03.2020 01:36 PM,130140.0,,,1446,data,,0
110,279,80,502,30.03.2020 10:45 PM,0.0,47,,,call,incoming,1
111,243,1082,27,31.03.2020 10:50 AM,0.0,132,,,call,outgoing,0
112,97,1252,1196,31.03.2020 02:28 PM,0.0,192,,,call,outgoing,1
113,617,419,796,02.04.2020 01:23 AM,0.0,7,,,call,incoming,0
114,903,1289,623,02.04.2020 04:22 AM,0.0,282,,,call,incoming,0
115,401,451,188,02.04.2020 05:27 AM,0.0,,1,,sms,incoming,0
116,463,630,612,03.04.2020 04:21 AM,0.0,240,,,call,incoming,0
117,741,626,438,03.04.2020 12:47 AM,0.0,184,,,call,incoming,0
118,376,884,627,03.04.2020 06:00 PM,1.2,228,,,call,outgoing,0
119,844,30,889,04.04.2020 09:05 AM,0.0,233,,,call,incoming,1
120,474,824,323,05.04.2020 10:15 PM,0.0,261,,,call,incoming,0
121,706,1070,979,06.04.2020 10:20 PM,39.900000000000006,,,798,data,,0
122,103,1051,974,07.04.2020 11:58 PM,127890.0,,,1421,data,,1
123,393,883,961,09.04.2020 10:25 PM,215010.0,,,2389,data,,0
124,287,724,1326,12.04.2020 01:08 AM,0.0,92,,,call,incoming,0
125,381,1371,750,14.04.2020 09:25 AM,0.0,55,,,call,outgoing,1
126,178,893,572,14.04.2020 05:16 PM,0.0,168,,,call,outgoing,0
127,76,1233,1212,15.04.2020 11:15 PM,0.0,146,,,call,outgoing,1
128,227,1140,127,16.04.2020 04:45 PM,0.0,184,,,call,incoming,0
129,75,128,696,16.04.2020 05:05 PM,0.0,,1,,sms,incoming,0
130,205,140,1235,18.04.2020 10:48 AM,0.0,49,,,call,incoming,0
131,730,1187,1294,18.04.2020 04:17 PM,0.0,153,,,call,outgoing,1
132,121,391,704,18.04.2020 09:23 PM,314050.0,,,2855,data,,1
133,905,1385,401,20.04.2020 01:38 AM,0.0,1,,,call,outgoing,0
134,989,609,74,20.04.2020 02:00 AM,0.0,33,,,call,incoming,0
135,131,794,1168,22.04.2020 06:10 AM,507650.0,,,4615,data,,0
136,816,89,1215,23.04.2020 10:09 AM,346720.0,,,3152,data,,0
137,883,343,855,23.04.2020 10:42 AM,0.0,120,,,call,outgoing,1
138,376,142,951,23.04.2020 11:24 AM,1.5,246,,,call,incoming,0
139,525,1284,454,23.04.2020 02:53 PM,0.0,48,,,call,outgoing,0
140,74,129,1303,25.04.2020 06:57 AM,0.0,,,966,data,,0
141,879,38,1358,25.04.2020 11:37 AM,0.0,,,3893,data,,1
142,56,352,688,25.04.2020 03:54 PM,219960.0,,,2444,data,,0
143,705,648,558,26.04.2020 07:28 PM,0.0,100,,,call,incoming,0
144,679,1344,1126,28.04.2020 07:23 PM,0.8999999999999999,164,,,call,outgoing,1
145,648,1379,1022,29.04.2020 05:08 PM,1.2,230,,,call,incoming,0
146,503,1282,661,30.04.2020 05:45 PM,0.0,258,,,call,outgoing,1
147,550,941,992,01.05.2020 10:55 AM,0.0,109,,,call,outgoing,1
148,342,486,855,02.05.2020 03:09 PM,0.0,,1,,sms,incoming,1
149,753,945,93,03.05.2020 09:49 AM,0.0,,1,,sms,outgoing,0
150,648,648,376,03.05.2020 10:01 PM,0.6,79,,,call,incoming,1
151,919,949,1372,04.05.2020 02:05 PM,0.8999999999999999,141,,,call,incoming,0
152,959,815,214,04.05.2020 11:44 PM,0.0,,,1396,data,,0
153,802,727,1211,06.05.2020 01:10 PM,0.02,,1,,sms,incoming,0
154,754,1102,799,08.05.2020 11:41 AM,163440.0,,,1816,data,,0
155,712,688,1239,08.05.2020 11:53 AM,166760.0,,,1516,data,,0
156,731,1127,671,08.05.2020 04:03 PM,0.0,220,,,call,outgoing,1
157,435,1303,153,09.05.2020 09:44 AM,0.0,146,,,call,outgoing,0
158,806,880,340,09.05.2020 01:18 PM,172.3,,,3446,data,,0
159,695,1196,894,10.05.2020 04:55 AM,0.0,244,,,call,incoming,0
160,285,526,526,11.05.2020 11:53 AM,0.0,,1,,sms,incoming,0
161,173,134,857,11.05.2020 11:51 PM,0.0,89,,,call,outgoing,1
162,233,1316,725,12.05.2020 07:15 AM,0.0,,,3221,data,,0
163,603,628,1236,12.05.2020 07:27 AM,0.8999999999999999,164,,,call,incoming,1
164,489,1049,278,12.05.2020 11:02 AM,0.0,10,,,call,outgoing,0
165,474,1319,1287,12.05.2020 10:20 PM,0.0,164,,,call,incoming,1
166,259,1163,406,13.05.2020 03:33 PM,0.0,,1,,sms,outgoing,0
167,679,867,1321,13.05.2020 06:14 PM,1.2,180,,,call,outgoing,1
168,986,574,1053,13.05.2020 11:34 PM,162480.0,,,4062,data,,0
169,579,861,190,15.05.2020 02:33 PM,81.60000000000001,,,1632,data,,0
170,624,279,37,15.05.2020 05:00 PM,0.0,,1,,sms,incoming,1
171,874,419,408,18.05.2020 03:23 PM,0.0,86,,,call,incoming,0
172,958,1062,1252,19.05.2020 06:30 AM,43.35,,,867,data,,1
173,985,1128,535,19.05.2020 11:01 PM,0.6,109,,,call,incoming,0
174,197,1228,56,21.05.2020 07:25 AM,0.0,241,,,call,incoming,0
175,818,266,808,21.05.2020 05:15 PM,0.0,71,,,call,outgoing,0
176,602,898,199,21.05.2020 05:57 PM,0.0,14,,,call,incoming,0
177,348,456,179,22.05.2020 08:24 AM,0.0,222,,,call,incoming,1
178,388,1053,406,22.05.2020 10:01 PM,0.0,,,2175,data,,0
179,912,1095,44,22.05.2020 12:43 PM,0.0,135,,,call,incoming,0
180,366,1127,308,24.05.2020 07:46 AM,0.0,140,,,call,outgoing,0
181,251,1191,655,25.05.2020 10:43 AM,0.0,,,2066,data,,0
182,365,801,580,25.05.2020 04:01 PM,0.8999999999999999,134,,,call,outgoing,0
183,392,62,947,26.05.2020 01:50 AM,101.4,,,2028,data,,0
184,536,353,1106,26.05.2020 04:46 AM,0.0,,1,,sms,outgoing,0
185,708,131,389,27.05.2020 02:36 AM,0.0,193,,,call,incoming,0
186,884,1277,78,27.05.2020 11:25 PM,0.02,,1,,sms,outgoing,1
187,954,531,677,29.05.2020 01:24 AM,0.0,,,781,data,,1
188,93,771,740,29.05.2020 03:11 AM,352880.0,,,3208,data,,1
189,985,221,1023,29.05.2020 03:26 AM,0.3,53,,,call,outgoing,0
190,410,202,1227,29.05.2020 05:50 PM,0.0,169,,,call,outgoing,0
191,136,1278,852,31.05.2020 05:29 PM,0.0,151,,,call,outgoing,0
192,844,885,815,31.05.2020 09:34 PM,0.0,43,,,call,incoming,0
193,818,906,435,01.06.2020 05:08 PM,0.0,253,,,call,outgoing,0
194,906,1376,113,02.06.2020 02:00 AM,0.0,,,4155,data,,0
195,370,436,140,03.06.2020 02:09 AM,0.0,,1,,sms,outgoing,1
196,86,1311,984,03.06.2020 04:46 AM,0.0,240,,,call,outgoing,0
197,591,171,51,03.06.2020 10:03 AM,0.0,175,,,call,outgoing,0
198,919,1312,313,03.06.2020 11:22 AM,1.2,225,,,call,incoming,0
199,452,1124,679,03.06.2020 08:25 PM,0.0,183,,,call,outgoing,0
200,336,301,453,04.06.2020 01:39 AM,1.2,232,,,call,outgoing,0
201,278,1085,1257,06.06.2020 07:36 AM,0.0,282,,,call,incoming,0
202,766,22,706,06.06.2020 11:19 AM,0.0,153,,,call,outgoing,0
203,878,451,1347,06.06.2020 07:17 PM,0.02,,1,,sms,outgoing,0
204,928,710,1007,06.06.2020 11:34 PM,0.0,,,2865,data,,0
205,335,1355,662,07.06.2020 07:54 AM,0.0,190,,,call,incoming,0
206,339,529,974,07.06.2020 04:28 PM,123300.0,,,1644,data,,1
207,91,902,1226,09.06.2020 04:09 AM,0.0,102,,,call,incoming,0
208,336,130,357,09.06.2020 11:28 PM,1.2,202,,,call,incoming,1
209,659,727,489,11.06.2020 03:19 AM,0.02,,1,,sms,incoming,0
210,435,907,197,11.06.2020 12:51 PM,0.0,,,2558,data,,1
211,878,49,258,13.06.2020 05:47 PM,0.02,,1,,sms,outgoing,0
212,865,1200,446,13.06.2020 06:11 PM,0.0,,1,,sms,outgoing,0
213,259,42,299,13.06.2020 09:09 PM,0.0,267,,,call,outgoing,0
214,863,530,1136,13.06.2020 11:18 PM,0.0,71,,,call,incoming,0
215,336,964,1042,15.06.2020 04:43 AM,1.5,280,,,call,outgoing,1
216,336,1240,259,16.06.2020 10:47 AM,1.5,288,,,call,incoming,0
217,807,81,1336,16.06.2020 08:00 PM,0.0,,1,,sms,incoming,0
218,82,794,754,17.06.2020 08:58 AM,1.2,216,,,call,incoming,0
219,428,435,394,17.06.2020 12:28 AM,0.0,180,,,call,outgoing,1
220,521,1309,153,17.06.2020 08:26 PM,300300.0,,,2730,data,,0
221,516,820,195,18.06.2020 10:16 PM,0.0,,1,,sms,outgoing,0
222,985,399,206,20.06.2020 09:58 PM,1.2,222,,,call,outgoing,0
223,669,99,457,21.06.2020 08:45 PM,0.0,191,,,call,incoming,0
224,61,40,1093,22.06.2020 04:35 PM,0.0,,1,,sms,incoming,0
225,260,98,390,22.06.2020 06:58 PM,0.0,39,,,call,outgoing,1
226,792,1266,871,23.06.2020 02:56 AM,1.2,183,,,call,outgoing,1
227,430,1041,769,24.06.2020 02:43 AM,0.0,75,,,call,outgoing,1
228,456,868,643,24.06.2020 03:26 PM,0.0,65,,,call,outgoing,0
229,376,1310,586,24.06.2020 03:52 PM,1.5,254,,,call,outgoing,0
230,395,552,616,28.06.2020 09:38 PM,0.0,111,,,call,outgoing,0
231,9,11,1052,29.06.2020 05:15 PM,131920.0,,,3298,data,,1
232,474,1071,1236,29.06.2020 08:17 PM,0.0,30,,,call,outgoing,0
233,919,230,55,30.06.2020 08:48 AM,1.5,266,,,call,outgoing,1
234,133,860,934,30.06.2020 12:48 AM,0.02,,1,,sms,incoming,0
235,376,425,842,01.07.2020 03:28 AM,0.3,17,,,call,outgoing,0
236,987,1375,503,01.07.2020 04:38 AM,0.3,3,,,call,outgoing,0
237,842,890,836,01.07.2020 10:40 PM,0.0,,1,,sms,outgoing,1
238,158,780,1223,02.07.2020 01:31 PM,0.0,98,,,call,incoming,0
239,635,489,650,02.07.2020 02:53 PM,0.0,146,,,call,incoming,0
240,624,547,581,03.07.2020 02:32 AM,0.0,24,,,call,outgoing,0
241,914,1286,970,03.07.2020 06:38 AM,0.0,163,,,call,incoming,1
242,295,271,1032,03.07.2020 07:29 AM,349580.0,,,3178,data,,0
243,792,459,506,03.07.2020 07:46 AM,0.6,85,,,call,outgoing,0
244,401,263,1389,03.07.2020 10:33 PM,0.0,114,,,call,incoming,1
245,451,650,1097,05.07.2020 03:17 PM,104400.0,,,1392,data,,0
246,721,203,1036,06.07.2020 03:39 PM,501820.0,,,4562,data,,0
247,12,569,1040,07.07.2020 06:22 PM,247500.0,,,3300,data,,1
248,275,321,289,08.07.2020 10:40 PM,0.0,201,,,call,incoming,1
249,54,425,679,08.07.2020 11:00 PM,113040.0,,,1256,data,,0
250,358,208,177,09.07.2020 10:26 AM,0.0,250,,,call,outgoing,1
251,123,151,156,09.07.2020 03:13 PM,0.0,217,,,call,incoming,0
252,409,232,1108,09.07.2020 07:34 PM,0.0,,1,,sms,outgoing,1
253,23,130,369,10.07.2020 09:51 AM,0.0,,,2857,data,,1
254,134,155,141,10.07.2020 12:57 PM,0.0,297,,,call,outgoing,0
255,181,485,644,11.07.2020 06:15 AM,0.0,,,4189,data,,0
256,763,1098,950,11.07.2020 07:03 AM,0.0,,1,,sms,incoming,1
257,914,534,45,11.07.2020 05:15 PM,0.0,76,,,call,incoming,0
258,618,1246,843,11.07.2020 12:11 PM,85.95,,,1719,data,,0
259,929,148,963,12.07.2020 08:05 PM,0.0,261,,,call,incoming,1
260,199,34,1090,14.07.2020 05:15 AM,0.0,,1,,sms,incoming,0
261,792,140,916,15.07.2020 04:39 PM,0.3,55,,,call,outgoing,0
262,220,333,562,17.07.2020 02:28 PM,0.0,73,,,call,outgoing,0
263,38,1334,103,18.07.2020 08:11 PM,0.0,73,,,call,outgoing,1
264,608,1284,231,19.07.2020 01:22 PM,0.0,,1,,sms,incoming,0
265,623,653,890,20.07.2020 01:45 PM,0.0,59,,,call,outgoing,1
266,47,130,986,20.07.2020 03:45 PM,0.0,147,,,call,incoming,0
267,863,757,90,21.07.2020 07:54 AM,0.0,,1,,sms,outgoing,0
268,29,183,534,21.07.2020 01:33 PM,0.0,40,,,call,outgoing,0
269,333,563,436,22.07.2020 11:05 AM,0.0,128,,,call,outgoing,0
270,17,1193,32,22.07.2020 10:29 PM,0.0,261,,,call,incoming,0
271,769,849,100,23.07.2020 10:22 AM,0.0,17,,,call,incoming,0
272,371,543,335,23.07.2020 03:50 PM,0.0,,1,,sms,outgoing,0
273,994,1275,1356,23.07.2020 06:26 PM,60.300000000000004,,,1206,data,,0
274,126,1166,1236,24.07.2020 10:14 AM,0.0,,1,,sms,incoming,1
275,584,280,715,26.07.2020 11:39 PM,0.0,124,,,call,incoming,0
276,86,524,21,27.07.2020 08:33 PM,0.0,,1,,sms,incoming,1
277,250,925,188,28.07.2020 09:25 AM,0.0,231,,,call,incoming,0
278,849,808,171,28.07.2020 10:16 AM,0.0,30,,,call,incoming,0
279,751,212,213,28.07.2020 11:20 AM,0.6,92,,,call,outgoing,1
280,332,945,1371,29.07.2020 04:45 AM,0.0,100,,,call,incoming,0
281,74,542,1362,29.07.2020 10:47 AM,0.0,125,,,call,outgoing,0
282,1,1181,451,29.07.2020 11:59 AM,0.0,145,,,call,outgoing,0
283,953,562,180,29.07.2020 04:02 PM,89475.0,,,1193,data,,0
284,874,4,393,29.07.2020 07:13 PM,0.0,271,,,call,incoming,1
285,160,75,753,30.07.2020 03:45 PM,0.0,171,,,call,outgoing,0
286,673,1198,999,30.07.2020 07:27 PM,0.0,241,,,call,incoming,0
287,849,1254,1313,31.07.2020 03:27 PM,0.0,75,,,call,outgoing,0
288,903,784,354,01.08.2020 10:42 PM,0.0,,1,,sms,incoming,1
289,472,1148,1047,01.08.2020 12:48 PM,0.0,237,,,call,outgoing,0
290,919,1352,1213,03.08.2020 02:29 AM,1.2,212,,,call,incoming,1
291,879,820,908,03.08.2020 08:32 AM,0.0,4,,,call,outgoing,0
292,198,1104,1095,03.08.2020 12:40 AM,0.0,,1,,sms,outgoing,0
293,292,911,525,03.08.2020 02:11 PM,0.0,71,,,call,incoming,0
294,36,56,1065,03.08.2020 06:28 PM,0.0,174,,,call,outgoing,1
295,336,783,837,04.08.2020 01:15 AM,1.5,259,,,call,outgoing,0
296,907,588,612,04.08.2020 05:44 AM,0.0,26,,,call,incoming,1
297,871,1024,238,04.08.2020 09:57 PM,46.650000000000006,,,933,data,,0
298,871,274,849,05.08.2020 01:54 AM,108.60000000000001,,,2172,data,,1
299,109,537,702,05.08.2020 10:59 PM,0.0,,,3346,data,,0
300,787,409,1260,08.08.2020 01:03 AM,0.0,,,1278,data,,0
301,973,922,859,08.08.2020 11:47 PM,0.0,120,,,call,incoming,0
302,742,996,131,09.08.2020 09:52 AM,534930.0,,,4863,data,,0
303,980,413,384,09.08.2020 11:15 AM,0.0,193,,,call,incoming,1
304,497,900,458,09.08.2020 11:24 AM,0.0,,,2062,data,,0
305,445,1126,1045,09.08.2020 12:36 PM,0.0,,1,,sms,incoming,0
306,586,1344,897,10.08.2020 06:54 AM,0.0,183,,,call,incoming,1
307,574,820,1235,10.08.2020 12:55 AM,0.0,,1,,sms,outgoing,0
308,574,425,772,11.08.2020 02:36 AM,0.0,,1,,sms,incoming,1
309,602,793,613,12.08.2020 06:48 AM,0.0,,1,,sms,incoming,1
310,998,154,1186,12.08.2020 07:17 PM,0.0,18,,,call,outgoing,1
311,941,583,407,13.08.2020 04:33 AM,0.0,171,,,call,outgoing,0
312,630,1124,814,14.08.2020 02:44 AM,0.0,164,,,call,outgoing,0
313,679,1147,496,14.08.2020 03:05 AM,1.5,277,,,call,incoming,1
314,806,1133,48,14.08.2020 12:22 AM,113.25,,,2265,data,,0
315,46,1287,1264,15.08.2020 05:38 AM,0.0,150,,,call,outgoing,0
316,358,1127,587,16.08.2020 03:05 PM,0.0,,1,,sms,incoming,0
317,684,761,1348,17.08.2020 08:22 PM,0.0,,1,,sms,outgoing,0
318,884,758,1279,19.08.2020 10:27 PM,0.02,,1,,sms,incoming,1
319,928,589,105,20.08.2020 02:03 PM,0.0,70,,,call,outgoing,0
320,220,201,1345,20.08.2020 04:03 PM,0.0,77,,,call,outgoing,0
321,236,587,356,20.08.2020 09:41 PM,0.0,,,4600,data,,0
322,163,614,1073,20.08.2020 10:31 PM,0.0,,,4322,data,,1
323,695,330,1235,21.08.2020 08:38 AM,0.0,41,,,call,incoming,0
324,879,95,406,23.08.2020 01:02 AM,0.0,,1,,sms,outgoing,0
325,833,735,1034,23.08.2020 06:28 AM,1.5,251,,,call,incoming,0
326,217,985,1327,25.08.2020 12:34 AM,0.0,133,,,call,outgoing,0
327,884,905,1276,26.08.2020 04:40 AM,0.02,,1,,sms,incoming,1
328,987,426,1198,26.08.2020 05:36 PM,0.8999999999999999,153,,,call,outgoing,1
329,640,486,706,27.08.2020 09:41 PM,0.0,,,4455,data,,0
330,350,699,494,28.08.2020 05:42 PM,0.0,105,,,call,incoming,1
331,602,443,939,29.08.2020 10:05 PM,0.0,141,,,call,incoming,0
332,323,1330,97,30.08.2020 03:44 PM,0.0,276,,,call,incoming,1
333,134,319,1043,01.09.2020 08:33 AM,0.0,127,,,call,incoming,0
334,787,69,176,02.09.2020 11:39 AM,0.0,237,,,call,outgoing,1
335,704,160,288,04.09.2020 09:20 PM,0.0,,1,,sms,outgoing,0
336,118,86,710,05.09.2020 02:11 PM,0.0,,1,,sms,outgoing,0
337,366,710,1091,06.09.2020 08:32 AM,0.0,183,,,call,incoming,0
338,512,1166,1112,08.09.2020 04:12 AM,0.0,199,,,call,outgoing,0
339,792,618,184,08.09.2020 03:19 PM,0.3,41,,,call,outgoing,0
340,439,1140,971,08.09.2020 11:59 PM,0.0,,,1012,data,,1
341,513,1350,504,09.09.2020 04:26 PM,0.0,,,3376,data,,0
342,80,719,1228,10.09.2020 06:49 AM,0.0,177,,,call,outgoing,1
343,439,358,339,10.09.2020 09:06 AM,0.0,,,3160,data,,0
344,226,490,34,10.09.2020 09:51 AM,0.0,,,2273,data,,0
345,886,106,965,12.09.2020 04:07 AM,0.0,,1,,sms,outgoing,0
346,792,6,710,12.09.2020 07:39 PM,0.8999999999999999,141,,,call,outgoing,1
347,560,625,92,13.09.2020 02:10 PM,190040.0,,,4751,data,,0
348,786,46,302,14.09.2020 12:06 PM,0.0,,,709,data,,1
349,522,802,1134,16.09.2020 04:39 AM,0.0,269,,,call,incoming,0
350,120,543,1012,16.09.2020 08:19 AM,0.0,,,3463,data,,1
351,656,749,714,16.09.2020 12:47 PM,0.0,179,,,call,outgoing,0
352,916,639,161,18.09.2020 06:27 AM,157200.0,,,3930,data,,0
353,23,371,279,18.09.2020 01:33 PM,0.0,177,,,call,incoming,1
354,963,331,973,21.09.2020 05:55 AM,0.0,151,,,call,incoming,0
355,985,281,547,21.09.2020 07:20 AM,1.2,195,,,call,incoming,1
356,753,861,463,22.09.2020 05:34 AM,0.0,234,,,call,outgoing,1
357,769,1297,827,22.09.2020 09:52 PM,0.0,176,,,call,outgoing,1
358,433,539,25,23.09.2020 02:36 AM,0.0,173,,,call,outgoing,0
359,82,1334,1283,23.09.2020 05:24 AM,0.3,33,,,call,incoming,1
360,149,326,918,24.09.2020 12:03 PM,28080.0,,,702,data,,0
361,336,406,148,25.09.2020 04:14 AM,1.5,294,,,call,incoming,1
362,763,1268,43,25.09.2020 08:27 AM,0.0,260,,,call,outgoing,1
363,397,42,595,25.09.2020 09:58 PM,0.0,,1,,sms,incoming,0
364,372,646,772,26.09.2020 02:46 PM,0.0,122,,,call,outgoing,0
365,504,737,354,26.09.2020 10:17 PM,0.0,267,,,call,incoming,0
366,582,1307,1070,27.09.2020 08:58 AM,0.0,,,1558,data,,0
367,26,1060,819,27.09.2020 10:43 AM,0.0,86,,,call,incoming,1
368,941,818,195,27.09.2020 01:44 PM,0.0,85,,,call,outgoing,0
369,514,98,583,27.09.2020 06:54 PM,0.0,,,3101,data,,0
370,336,877,529,28.09.2020 02:29 AM,1.2,203,,,call,incoming,0
371,836,853,838,28.09.2020 08:01 AM,0.0,,1,,sms,outgoing,0
372,819,1236,1145,28.09.2020 10:29 AM,0.0,,1,,sms,outgoing,0
373,861,49,1077,28.09.2020 08:02 PM,0.0,,1,,sms,incoming,0
374,445,600,1057,29.09.2020 01:50 AM,0.0,,,1571,data,,1
375,928,1187,1315,29.09.2020 12:33 AM,0.0,145,,,call,outgoing,0
376,323,1134,280,30.09.2020 07:28 AM,0.0,33,,,call,outgoing,0
377,91,582,833,01.10.2020 05:13 AM,0.0,254,,,call,outgoing,0
378,464,521,7,01.10.2020 08:41 PM,0.0,41,,,call,outgoing,0
379,304,320,341,01.10.2020 10:24 PM,298800.0,,,3320,data,,0
380,434,1261,1286,01.10.2020 11:08 PM,0.0,222,,,call,incoming,0
381,571,459,586,02.10.2020 10:24 PM,0.0,19,,,call,outgoing,0
382,987,203,25,03.10.2020 06:01 AM,1.5,265,,,call,incoming,1
383,638,395,68,05.10.2020 09:22 AM,0.0,,1,,sms,outgoing,0
384,354,1326,1233,05.10.2020 08:11 PM,0.0,268,,,call,incoming,0
385,565,984,842,06.10.2020 08:15 AM,0.0,67,,,call,outgoing,0
386,552,395,686,06.10.2020 10:10 AM,0.0,291,,,call,outgoing,0
387,87,304,472,06.10.2020 11:26 PM,0.0,243,,,call,outgoing,1
388,388,545,1019,07.10.2020 11:48 AM,0.0,268,,,call,outgoing,0
389,871,284,1300,07.10.2020 03:17 PM,155.5,,,3110,data,,0
390,376,566,31,07.10.2020 04:50 PM,0.3,2,,,call,outgoing,0
391,826,87,822,07.10.2020 10:25 PM,0.0,,1,,sms,outgoing,1
392,685,993,1220,07.10.2020 10:52 PM,0.0,,1,,sms,incoming,0
393,306,805,744,08.10.2020 10:49 PM,0.0,,1,,sms,outgoing,0
394,279,921,505,09.10.2020 09:59 AM,0.0,226,,,call,outgoing,0
395,548,623,514,09.10.2020 06:00 PM,160.15,,,3203,data,,0
396,998,521,467,10.10.2020 08:06 AM,0.0,,1,,sms,outgoing,0
397,902,956,1129,10.10.2020 11:58 AM,0.0,178,,,call,incoming,1
398,847,1028,1040,10.10.2020 12:26 PM,71760.0,,,1794,data,,0
399,923,828,1192,12.10.2020 05:23 PM,0.0,82,,,call,outgoing,0
400,584,1020,1274,12.10.2020 10:58 PM,0.0,251,,,call,outgoing,0
401,983,127,489,16.10.2020 11:14 AM,396360.0,,,4404,data,,0
402,336,654,72,16.10.2020 12:35 AM,0.3,57,,,call,incoming,0
403,564,1133,383,17.10.2020 06:26 AM,0.02,,1,,sms,incoming,0
404,382,1059,1314,17.10.2020 11:52 AM,0.0,256,,,call,outgoing,0
405,680,744,799,17.10.2020 08:39 PM,0.0,77,,,call,outgoing,0
406,392,1370,312,18.10.2020 08:56 PM,43.6,,,872,data,,1
407,830,490,1107,19.10.2020 10:52 PM,0.0,,1,,sms,outgoing,0
408,352,1116,351,20.10.2020 09:24 AM,0.0,179,,,call,incoming,0
409,69,1168,322,23.10.2020 02:37 PM,0.0,,,3027,data,,1
410,376,467,162,25.10.2020 07:42 PM,0.3,47,,,call,incoming,0
411,919,668,265,26.10.2020 09:48 PM,1.5,269,,,call,incoming,1
412,589,509,1326,29.10.2020 10:48 PM,0.0,,,4037,data,,0
413,9,557,411,30.10.2020 02:40 AM,0.0,59,,,call,incoming,0
414,336,777,1078,31.10.2020 09:28 AM,1.5,253,,,call,incoming,0
415,147,1179,1034,31.10.2020 11:58 AM,0.0,39,,,call,incoming,0
416,665,532,736,31.10.2020 11:16 PM,0.0,107,,,call,outgoing,1
417,36,631,887,01.11.2020 02:16 AM,0.0,88,,,call,incoming,0
418,760,732,692,01.11.2020 03:37 PM,0.0,26,,,call,outgoing,1
419,259,165,704,03.11.2020 07:03 PM,0.0,,1,,sms,incoming,0
420,123,725,356,04.11.2020 01:56 AM,0.0,38,,,call,incoming,1
421,556,641,829,04.11.2020 02:57 PM,0.0,276,,,call,incoming,0
422,41,1064,1345,05.11.2020 10:41 PM,155250.0,,,2070,data,,1
423,125,439,50,06.11.2020 09:53 AM,374325.0,,,4991,data,,0
424,112,1176,298,07.11.2020 11:49 AM,0.0,269,,,call,outgoing,0
425,459,1294,753,07.11.2020 11:56 AM,0.0,94,,,call,incoming,0
426,91,1074,725,07.11.2020 10:36 PM,0.0,285,,,call,incoming,0
427,346,355,874,08.11.2020 01:37 AM,402030.0,,,4467,data,,0
428,279,1366,204,08.11.2020 10:10 AM,0.0,,1,,sms,incoming,0
429,691,1209,592,10.11.2020 11:41 AM,0.0,,1,,sms,incoming,1
430,259,193,333,12.11.2020 10:20 AM,0.0,89,,,call,incoming,1
431,385,854,976,15.11.2020 01:02 AM,0.0,248,,,call,incoming,1
432,176,250,702,17.11.2020 04:35 AM,0.0,150,,,call,incoming,1
433,36,640,213,17.11.2020 07:23 AM,0.0,289,,,call,outgoing,0
434,513,1326,1393,18.11.2020 01:15 AM,0.0,,,4071,data,,1
435,120,1075,347,18.11.2020 09:16 AM,0.0,,,1878,data,,0
436,659,114,1038,18.11.2020 09:30 AM,0.02,,1,,sms,incoming,0
437,376,82,447,19.11.2020 02:06 PM,1.2,210,,,call,outgoing,0
438,967,384,104,19.11.2020 07:18 PM,0.0,92,,,call,incoming,1
439,240,301,97,20.11.2020 03:09 AM,0.0,290,,,call,outgoing,0
440,916,208,379,20.11.2020 07:04 AM,0.0,49,,,call,outgoing,0
441,793,1017,810,21.11.2020 02:33 AM,0.0,119,,,call,incoming,1
442,226,111,1194,21.11.2020 03:05 AM,0.0,9,,,call,incoming,0
443,74,1009,176,22.11.2020 02:56 AM,0.0,263,,,call,incoming,0
444,705,1039,490,23.11.2020 03:48 AM,0.0,208,,,call,incoming,0
445,680,790,1096,23.11.2020 12:01 AM,50520.0,,,1263,data,,1
446,513,1281,1003,24.11.2020 06:03 AM,0.0,263,,,call,outgoing,0
447,365,659,441,24.11.2020 08:56 AM,0.8999999999999999,142,,,call,outgoing,0
448,919,1023,1023,25.11.2020 04:12 AM,1.5,279,,,call,outgoing,0
449,306,463,982,26.11.2020 04:27 AM,0.0,,,1838,data,,1
450,995,1325,1328,27.11.2020 01:47 PM,0.0,,,2608,data,,0
451,112,1335,1014,28.11.2020 03:58 AM,0.0,260,,,call,outgoing,1
452,648,637,77,28.11.2020 06:11 AM,0.6,75,,,call,outgoing,1
453,120,840,918,28.11.2020 11:39 AM,0.0,219,,,call,incoming,0
454,667,238,1283,28.11.2020 08:44 PM,0.0,83,,,call,incoming,0
455,126,618,1388,29.11.2020 07:31 AM,0.0,184,,,call,outgoing,1
456,122,1178,1224,30.11.2020 10:47 AM,0.0,233,,,call,outgoing,1
457,90,1227,154,30.11.2020 05:55 PM,0.0,157,,,call,outgoing,0
458,59,858,482,02.12.2020 06:36 AM,0.0,187,,,call,incoming,0
459,434,1098,170,03.12.2020 01:12 AM,0.0,2,,,call,outgoing,0
460,695,1065,761,03.12.2020 03:10 PM,0.0,,1,,sms,incoming,0
461,428,322,455,03.12.2020 11:06 PM,100160.0,,,2504,data,,0
462,839,632,418,04.12.2020 07:52 AM,0.0,,1,,sms,incoming,1
463,448,1340,480,05.12.2020 11:45 AM,182240.0,,,4556,data,,0
464,320,522,1017,05.12.2020 06:36 PM,0.0,88,,,call,incoming,0
465,553,899,614,05.12.2020 08:56 PM,242550.0,,,2205,data,,0
466,919,428,925,06.12.2020 01:40 PM,0.3,16,,,call,incoming,0
467,6,1159,842,06.12.2020 08:32 PM,0.0,76,,,call,incoming,0
468,753,534,542,06.12.2020 09:26 PM,186320.0,,,4658,data,,0
469,429,166,613,08.12.2020 11:20 PM,0.0,,,4950,data,,0
470,881,818,923,11.12.2020 04:03 AM,0.0,,1,,sms,outgoing,0
471,260,179,1232,11.12.2020 08:52 AM,0.0,117,,,call,incoming,0
472,51,1111,86,11.12.2020 02:09 PM,0.0,291,,,call,outgoing,0
473,895,1090,819,11.12.2020 04:16 PM,0.0,,1,,sms,outgoing,0
474,494,237,848,13.12.2020 02:47 AM,0.0,75,,,call,outgoing,1
475,503,944,1162,13.12.2020 05:38 PM,0.0,,,4884,data,,0
476,897,301,527,13.12.2020 10:31 PM,293175.0,,,3909,data,,0
477,336,270,1090,14.12.2020 10:04 PM,1.2,207,,,call,incoming,0
478,371,1279,1377,15.12.2020 10:45 PM,0.0,71,,,call,incoming,0
479,320,201,1161,16.12.2020 02:31 AM,0.0,,1,,sms,incoming,0
480,447,111,651,16.12.2020 12:10 PM,0.0,171,,,call,incoming,0
481,976,770,1366,17.12.2020 04:32 AM,0.02,,1,,sms,incoming,0
482,333,101,1301,18.12.2020 03:06 AM,0.0,14,,,call,outgoing,0
483,822,28,1135,18.12.2020 08:04 PM,0.0,,,4067,data,,0
484,986,1264,117,19.12.2020 09:24 AM,0.0,220,,,call,incoming,0
485,289,121,706,20.12.2020 05:38 PM,0.0,134,,,call,outgoing,0
486,797,1358,612,21.12.2020 02:56 AM,0.0,14,,,call,outgoing,1
487,614,610,603,21.12.2020 05:56 PM,0.0,163,,,call,outgoing,0
488,98,1223,591,22.12.2020 01:22 AM,0.0,144,,,call,outgoing,1
489,816,544,524,22.12.2020 04:55 AM,499840.0,,,4544,data,,0
490,381,1146,38,22.12.2020 05:07 AM,0.0,220,,,call,outgoing,1
491,368,1002,945,22.12.2020 05:43 PM,153120.0,,,1392,data,,1
492,34,90,1394,22.12.2020 11:33 PM,172680.0,,,4317,data,,0
493,865,392,151,23.12.2020 08:50 PM,0.0,57,,,call,outgoing,0
494,836,1395,642,23.12.2020 10:04 PM,0.0,283,,,call,outgoing,1
495,679,1214,255,24.12.2020 09:02 PM,0.3,49,,,call,incoming,0
496,282,995,1341,25.12.2020 03:38 AM,0.0,208,,,call,outgoing,0
497,430,663,121,25.12.2020 04:43 AM,0.0,64,,,call,incoming,0
498,277,668,571,26.12.2020 07:30 AM,0.0,202,,,call,outgoing,0
499,228,936,1013,27.12.2020 08:31 PM,0.0,,,4294,data,,1
500,166,666,824,27.12.2020 10:28 PM,0.0,203,,,call,outgoing,0
501,971,183,567,28.12.2020 06:45 AM,0.0,252,,,call,incoming,0
502,824,887,171,28.12.2020 02:15 PM,0.0,,,3096,data,,0
503,619,836,1241,28.12.2020 12:08 PM,0.0,195,,,call,outgoing,1
504,367,321,89,29.12.2020 06:09 AM,0.0,114,,,call,outgoing,0
505,543,111,1387,30.12.2020 05:20 AM,0.0,283,,,call,incoming,0
506,870,698,716,30.12.2020 11:27 PM,0.0,177,,,call,outgoing,1
507,426,1115,972,31.12.2020 08:49 PM,0.0,68,,,call,outgoing,0
508,20,594,372,31.12.2020 09:17 PM,0.0,,,4350,data,,1
509,653,83,1083,01.01.2021 06:26 PM,195375.0,,,2605,data,,0
510,692,528,696,02.01.2021 02:38 PM,0.0,,,3371,data,,0
511,231,332,279,02.01.2021 08:32 PM,0.0,,,1628,data,,0
512,61,1223,763,03.01.2021 08:46 AM,0.0,54,,,call,incoming,0
513,226,687,281,04.01.2021 05:56 AM,0.0,,,2646,data,,0
514,106,93,90,05.01.2021 04:29 PM,0.0,,,4329,data,,0
515,348,661,671,06.01.2021 03:34 AM,0.0,34,,,call,incoming,0
516,697,1188,1059,06.01.2021 09:15 PM,0.02,,1,,sms,incoming,0
517,228,166,1317,06.01.2021 10:19 PM,0.0,167,,,call,incoming,0
518,773,1294,888,07.01.2021 11:04 AM,0.0,238,,,call,incoming,0
519,870,611,393,08.01.2021 09:12 PM,0.0,226,,,call,outgoing,0
520,62,1089,1216,10.01.2021 05:05 PM,0.0,19,,,call,outgoing,0
521,801,624,675,12.01.2021 08:54 AM,364680.0,,,4052,data,,0
522,618,843,618,13.01.2021 02:03 PM,159.85000000000002,,,3197,data,,0
523,999,20,220,15.01.2021 03:09 AM,0.0,102,,,call,incoming,1
524,762,594,1150,16.01.2021 11:51 AM,0.0,,,3125,data,,0
525,365,471,422,16.01.2021 03:10 PM,0.6,87,,,call,outgoing,1
526,87,1216,1164,16.01.2021 09:14 PM,0.0,,,861,data,,1
527,69,564,1268,17.01.2021 05:08 PM,0.0,112,,,call,outgoing,0
528,385,80,796,19.01.2021 07:41 AM,0.0,160,,,call,incoming,1
529,71,958,520,19.01.2021 03:11 PM,0.0,114,,,call,incoming,0
530,226,319,1017,19.01.2021 03:25 PM,0.0,143,,,call,outgoing,0
531,938,104,600,19.01.2021 04:20 PM,0.0,,1,,sms,outgoing,1
532,437,898,42,21.01.2021 08:19 PM,0.0,154,,,call,outgoing,1
533,46,370,1311,22.01.2021 11:47 AM,0.0,9,,,call,outgoing,0
534,811,761,341,24.01.2021 06:57 PM,0.0,11,,,call,outgoing,0
535,469,1086,1176,25.01.2021 04:02 AM,0.0,237,,,call,outgoing,0
536,672,686,212,25.01.2021 09:25 PM,72675.0,,,969,data,,1
537,513,1308,1353,26.01.2021 01:49 PM,0.0,19,,,call,outgoing,0
538,695,146,1113,27.01.2021 01:02 AM,0.0,148,,,call,outgoing,0
539,974,1297,599,27.01.2021 03:47 AM,0.0,193,,,call,incoming,1
540,474,401,995,27.01.2021 04:23 PM,0.0,114,,,call,incoming,0
541,753,1204,286,27.01.2021 08:31 PM,0.0,62,,,call,outgoing,1
542,564,816,223,28.01.2021 05:29 AM,0.02,,1,,sms,outgoing,1
543,141,557,1165,28.01.2021 11:06 PM,0.0,57,,,call,incoming,0
544,476,1373,461,30.01.2021 02:09 AM,0.0,256,,,call,incoming,0
545,618,243,1124,30.01.2021 11:42 PM,45.150000000000006,,,903,data,,0
546,980,214,1044,31.01.2021 01:08 PM,0.0,62,,,call,incoming,1
547,621,246,80,31.01.2021 12:13 PM,107550.0,,,1195,data,,0
548,623,834,1069,01.02.2021 08:08 AM,0.0,124,,,call,outgoing,0
549,662,365,1118,02.02.2021 11:08 PM,86760.0,,,964,data,,1
550,824,411,1374,04.02.2021 01:28 AM,0.0,,,4835,data,,0
551,838,1262,1062,05.02.2021 02:49 AM,0.0,46,,,call,outgoing,1
552,254,11,229,05.02.2021 04:09 PM,0.0,60,,,call,incoming,1
553,202,172,1047,05.02.2021 11:18 PM,256740.0,,,2334,data,,1
554,976,316,182,08.02.2021 05:13 AM,0.02,,1,,sms,incoming,0
555,392,1174,587,08.02.2021 11:16 AM,127.5,,,2550,data,,0
556,76,191,697,09.02.2021 07:47 AM,0.0,103,,,call,incoming,0
557,929,440,1122,09.02.2021 11:50 AM,0.0,79,,,call,outgoing,0
558,430,406,495,12.02.2021 02:01 AM,0.0,187,,,call,outgoing,0
559,264,1194,846,13.02.2021 02:20 AM,0.0,278,,,call,incoming,1
560,919,424,224,13.02.2021 02:33 AM,0.8999999999999999,132,,,call,incoming,1
561,737,1231,1316,13.02.2021 11:22 AM,48.85,,,977,data,,0
562,498,1232,1351,14.02.2021 10:09 AM,55680.0,,,1392,data,,0
563,635,1283,342,14.02.2021 07:25 PM,0.0,,,2127,data,,1
564,674,1109,1145,15.02.2021 09:48 AM,0.0,139,,,call,incoming,1
565,648,294,196,15.02.2021 12:23 PM,0.3,42,,,call,incoming,0
566,832,1247,599,16.02.2021 05:21 AM,0.0,78,,,call,outgoing,0
567,615,1165,1332,16.02.2021 12:24 PM,0.0,137,,,call,outgoing,0
568,985,939,649,17.02.2021 02:46 AM,0.3,7,,,call,incoming,0
569,630,202,679,17.02.2021 12:47 PM,0.0,87,,,call,incoming,0
570,500,504,434,18.02.2021 10:12 AM,0.0,112,,,call,incoming,0
571,971,921,126,18.02.2021 02:41 PM,0.0,,,4835,data,,1
572,532,259,94,20.02.2021 07:12 AM,0.0,158,,,call,outgoing,1
573,873,1343,155,21.02.2021 05:23 AM,0.0,120,,,call,outgoing,0
574,751,827,276,22.02.2021 03:46 PM,1.2,183,,,call,outgoing,1
575,144,673,1004,22.02.2021 07:10 PM,0.0,4,,,call,incoming,0
576,90,1180,1319,23.02.2021 05:34 AM,0.0,257,,,call,incoming,0
577,999,330,94,23.02.2021 01:13 PM,0.0,187,,,call,incoming,0
578,461,849,911,23.02.2021 07:52 PM,404800.0,,,3680,data,,1
579,651,923,489,23.02.2021 10:06 PM,0.0,104,,,call,outgoing,0
580,285,1396,93,23.02.2021 11:07 PM,0.0,15,,,call,incoming,0
581,376,655,1365,24.02.2021 07:36 AM,0.8999999999999999,144,,,call,incoming,0
582,407,647,838,24.02.2021 12:27 AM,206580.0,,,1878,data,,0
583,863,619,1152,24.02.2021 06:26 PM,0.0,,1,,sms,outgoing,0
584,963,468,68,24.02.2021 07:02 PM,0.0,118,,,call,incoming,0
585,478,1290,128,25.02.2021 04:30 AM,0.0,,,3060,data,,0
586,37,630,763,25.02.2021 05:19 AM,219.15,,,4383,data,,0
587,397,1211,557,25.02.2021 05:37 PM,0.0,,1,,sms,outgoing,0
588,919,118,473,26.02.2021 04:56 AM,1.5,292,,,call,incoming,0
589,26,451,498,26.02.2021 09:47 PM,0.0,80,,,call,incoming,0
590,608,424,28,27.02.2021 06:48 PM,0.0,26,,,call,outgoing,0
591,430,1098,60,01.03.2021 12:58 AM,0.0,47,,,call,incoming,0
592,534,347,360,02.03.2021 11:39 PM,0.0,273,,,call,incoming,0
593,122,233,696,04.03.2021 11:06 AM,0.0,79,,,call,incoming,0
594,874,1022,961,10.03.2021 05:24 AM,0.0,47,,,call,incoming,0
595,17,1055,1028,10.03.2021 10:09 AM,0.0,,1,,sms,outgoing,0
596,188,522,617,10.03.2021 01:56 PM,0.0,67,,,call,incoming,0
597,93,230,1164,14.03.2021 12:12 AM,109890.0,,,999,data,,1
598,341,351,1038,15.03.2021 02:07 PM,43240.0,,,1081,data,,1
599,663,851,460,16.03.2021 07:29 AM,0.0,20,,,call,outgoing,1
600,336,1065,663,17.03.2021 12:04 AM,1.5,267,,,call,incoming,1
601,979,255,477,17.03.2021 03:42 PM,383130.0,,,4257,data,,1
602,306,1091,327,18.03.2021 04:00 PM,0.0,,1,,sms,incoming,0
603,594,284,188,18.03.2021 07:45 PM,0.0,185,,,call,incoming,0
604,627,905,214,19.03.2021 07:31 AM,0.0,164,,,call,incoming,0
605,177,1212,1259,20.03.2021 06:12 AM,0.0,231,,,call,outgoing,0
606,158,63,242,20.03.2021 10:51 AM,0.0,184,,,call,outgoing,0
607,241,1105,755,20.03.2021 04:55 PM,0.0,,1,,sms,outgoing,0
608,256,1112,236,20.03.2021 06:03 PM,0.0,115,,,call,incoming,0
609,350,817,1238,21.03.2021 12:32 AM,0.0,,,4276,data,,0
610,445,187,1063,21.03.2021 05:42 PM,0.0,51,,,call,outgoing,0
611,822,300,292,22.03.2021 02:10 PM,0.0,,,4469,data,,0
612,58,107,1215,23.03.2021 10:14 AM,0.0,9,,,call,incoming,1
613,38,1391,522,23.03.2021 08:46 PM,0.0,236,,,call,outgoing,1
614,591,1150,708,23.03.2021 09:09 PM,0.0,70,,,call,incoming,0
615,931,1200,493,26.03.2021 03:11 AM,0.0,197,,,call,outgoing,0
616,337,381,224,27.03.2021 06:00 PM,0.0,103,,,call,incoming,0
617,765,1213,1268,28.03.2021 08:11 AM,0.0,89,,,call,outgoing,0
618,470,602,1251,28.03.2021 12:04 PM,0.0,204,,,call,outgoing,1
619,1000,106,111,29.03.2021 05:10 PM,0.0,,,4411,data,,1
620,669,314,1113,30.03.2021 10:32 AM,0.0,94,,,call,incoming,0
621,259,259,486,01.04.2021 03:42 AM,0.0,143,,,call,incoming,0
622,82,85,981,01.04.2021 11:54 AM,1.2,181,,,call,incoming,0
623,995,830,903,02.04.2021 08:10 AM,0.0,23,,,call,incoming,0
624,277,171,763,04.04.2021 01:08 PM,0.0,,,1029,data,,0
625,555,427,1247,05.04.2021 03:21 AM,0.0,51,,,call,outgoing,0
626,180,1031,627,05.04.2021 07:09 PM,216150.0,,,1965,data,,0
627,985,528,103,06.04.2021 03:22 AM,0.8999999999999999,129,,,call,outgoing,1
628,618,723,623,07.04.2021 03:08 AM,85.60000000000001,,,1712,data,,0
629,76,226,140,07.04.2021 03:05 PM,0.0,21,,,call,incoming,1
630,800,851,444,07.04.2021 04:35 PM,0.0,31,,,call,outgoing,0
631,333,904,1202,08.04.2021 05:06 AM,0.0,,1,,sms,incoming,0
632,52,908,288,08.04.2021 04:57 PM,0.0,,1,,sms,incoming,0
633,395,1039,1174,10.04.2021 01:53 AM,0.0,122,,,call,incoming,0
634,765,375,754,10.04.2021 04:03 PM,0.0,106,,,call,outgoing,0
635,753,232,1018,12.04.2021 09:06 PM,0.0,246,,,call,incoming,0
636,680,1298,437,14.04.2021 01:47 AM,0.0,79,,,call,outgoing,1
637,146,102,138,14.04.2021 03:17 PM,0.0,,1,,sms,outgoing,1
638,287,474,865,15.04.2021 05:38 AM,0.0,180,,,call,incoming,0
639,221,710,102,16.04.2021 08:54 PM,0.0,,1,,sms,incoming,1
640,985,497,835,18.04.2021 01:43 AM,1.5,261,,,call,incoming,0
641,268,787,1261,18.04.2021 03:51 PM,523930.0,,,4763,data,,0
642,410,1190,221,18.04.2021 04:47 PM,0.0,,,2111,data,,1
643,313,1372,16,19.04.2021 09:11 PM,101760.0,,,2544,data,,0
644,376,422,36,20.04.2021 09:33 AM,0.3,38,,,call,outgoing,0
645,564,1245,686,20.04.2021 10:36 AM,0.02,,1,,sms,outgoing,0
646,163,992,1157,20.04.2021 05:56 PM,0.0,,,4564,data,,1
647,751,558,444,21.04.2021 03:39 AM,0.3,57,,,call,incoming,0
648,336,703,633,22.04.2021 10:05 AM,0.6,85,,,call,outgoing,0
649,469,351,3,23.04.2021 02:56 AM,0.0,162,,,call,outgoing,0
650,970,56,338,23.04.2021 12:53 AM,0.0,,1,,sms,incoming,0
651,971,121,889,23.04.2021 11:02 PM,0.0,,,1509,data,,0
652,482,1272,865,25.04.2021 02:11 AM,0.0,,1,,sms,incoming,0
653,534,786,756,25.04.2021 03:56 PM,0.0,,1,,sms,incoming,1
654,228,575,728,26.04.2021 01:17 PM,0.0,,1,,sms,outgoing,1
655,665,556,407,26.04.2021 07:09 PM,0.0,290,,,call,outgoing,1
656,639,426,179,29.04.2021 07:51 AM,222.55,,,4451,data,,1
657,203,1149,716,29.04.2021 10:23 AM,0.0,254,,,call,incoming,0
658,602,903,1250,30.04.2021 04:57 AM,0.0,39,,,call,outgoing,1
659,768,1094,1087,30.04.2021 09:52 PM,0.0,125,,,call,outgoing,0
660,831,267,1328,01.05.2021 07:30 AM,177.35000000000002,,,3547,data,,0
661,320,485,612,02.05.2021 07:48 AM,0.0,121,,,call,outgoing,1
662,653,538,868,02.05.2021 11:34 PM,265875.0,,,3545,data,,1
663,923,1070,954,03.05.2021 04:10 PM,0.0,2,,,call,outgoing,0
664,642,1003,1279,05.05.2021 02:42 PM,0.0,69,,,call,incoming,0
665,874,920,288,05.05.2021 09:32 PM,0.0,291,,,call,outgoing,1
666,374,957,8,06.05.2021 03:49 AM,0.0,192,,,call,outgoing,0
667,829,1231,974,06.05.2021 09:17 AM,0.0,,1,,sms,incoming,0
668,176,589,1382,06.05.2021 11:21 PM,0.0,216,,,call,incoming,0
669,919,712,1215,09.05.2021 08:24 AM,1.2,214,,,call,incoming,0
670,122,617,363,09.05.2021 12:02 AM,0.0,247,,,call,incoming,0
671,287,648,180,09.05.2021 08:42 PM,0.0,262,,,call,incoming,1
672,234,1025,178,10.05.2021 12:31 AM,0.0,,1,,sms,outgoing,0
673,730,1184,1251,10.05.2021 04:38 PM,0.0,,1,,sms,outgoing,0
674,702,284,1131,10.05.2021 10:26 PM,76725.0,,,1023,data,,0
675,221,1357,458,11.05.2021 02:51 PM,0.0,,1,,sms,incoming,0
676,115,1010,1133,11.05.2021 05:16 PM,329230.0,,,2993,data,,1
677,679,213,250,11.05.2021 12:37 PM,0.8999999999999999,135,,,call,outgoing,0
678,26,782,452,13.05.2021 04:57 AM,0.0,296,,,call,incoming,0
679,980,13,659,14.05.2021 02:21 AM,0.0,,1,,sms,incoming,0
680,460,64,851,15.05.2021 09:45 AM,0.0,,1,,sms,outgoing,0
681,867,746,292,16.05.2021 02:55 AM,0.0,,1,,sms,outgoing,1
682,819,997,484,18.05.2021 06:33 AM,0.0,201,,,call,outgoing,0
683,976,572,1375,18.05.2021 03:41 PM,0.02,,1,,sms,incoming,0
684,377,931,755,18.05.2021 10:38 PM,0.0,,1,,sms,outgoing,0
685,469,28,61,18.05.2021 12:03 PM,0.0,251,,,call,incoming,0
686,639,599,1072,19.05.2021 12:52 AM,225.10000000000002,,,4502,data,,1
687,929,485,69,20.05.2021 07:33 AM,0.0,69,,,call,incoming,1
688,278,1332,849,21.05.2021 05:01 PM,0.0,,1,,sms,outgoing,1
689,985,1045,402,23.05.2021 01:15 AM,1.5,294,,,call,outgoing,1
690,62,1235,1151,23.05.2021 02:05 AM,0.0,,1,,sms,outgoing,1
691,243,634,1339,23.05.2021 02:23 PM,0.0,269,,,call,outgoing,0
692,605,593,1136,24.05.2021 06:17 PM,79560.0,,,884,data,,0
693,345,906,1047,25.05.2021 03:01 AM,0.0,,1,,sms,outgoing,1
694,316,1173,639,25.05.2021 05:08 AM,0.02,,1,,sms,incoming,0
695,786,1177,575,25.05.2021 06:30 AM,0.0,204,,,call,incoming,1
696,128,48,1293,26.05.2021 12:09 AM,0.0,,1,,sms,incoming,0
697,476,407,1112,26.05.2021 04:26 PM,0.0,14,,,call,outgoing,0
698,765,865,911,27.05.2021 12:31 AM,0.0,17,,,call,outgoing,0
699,792,1194,1286,28.05.2021 11:01 PM,0.6,102,,,call,outgoing,0
700,13,698,632,30.05.2021 08:24 PM,164340.0,,,1494,data,,1
701,66,1159,796,04.06.2021 12:20 AM,0.0,60,,,call,incoming,0
702,87,334,1172,04.06.2021 12:32 AM,0.0,183,,,call,outgoing,0
703,235,1272,997,04.06.2021 01:03 PM,0.0,238,,,call,incoming,1
704,6,101,427,05.06.2021 10:07 PM,0.0,71,,,call,incoming,1
705,401,832,355,06.06.2021 04:06 AM,0.0,63,,,call,incoming,0
706,801,251,922,06.06.2021 07:49 AM,57150.0,,,635,data,,0
707,398,147,164,07.06.2021 09:43 PM,0.0,2,,,call,outgoing,1
708,603,612,917,08.06.2021 04:10 AM,0.3,2,,,call,outgoing,0
709,497,143,654,09.06.2021 05:54 PM,0.0,50,,,call,incoming,0
710,340,1072,28,10.06.2021 08:49 PM,135525.0,,,1807,data,,0
711,260,329,1160,11.06.2021 03:43 AM,0.0,108,,,call,incoming,1
712,484,1382,1334,11.06.2021 05:54 AM,71640.0,,,796,data,,0
713,479,1022,578,11.06.2021 08:58 PM,0.0,52,,,call,outgoing,1
714,185,982,1214,12.06.2021 03:40 PM,71600.0,,,1790,data,,1
715,556,1202,762,13.06.2021 06:12 PM,0.0,192,,,call,incoming,0
716,919,788,981,14.06.2021 10:24 PM,0.6,116,,,call,outgoing,0
717,959,796,619,14.06.2021 11:52 PM,0.0,102,,,call,outgoing,1
718,818,206,1259,15.06.2021 09:10 AM,0.0,228,,,call,incoming,0
719,163,1116,798,16.06.2021 06:50 PM,0.0,294,,,call,outgoing,0
720,656,1237,1172,16.06.2021 10:27 PM,0.0,156,,,call,incoming,0
721,811,585,974,17.06.2021 08:35 AM,0.0,166,,,call,outgoing,0
722,49,1221,897,17.06.2021 07:21 PM,0.0,160,,,call,outgoing,0
723,614,666,547,17.06.2021 07:44 PM,0.0,180,,,call,outgoing,0
724,642,492,213,18.06.2021 07:07 AM,0.0,241,,,call,incoming,0
725,822,438,910,18.06.2021 10:42 PM,0.0,,,2117,data,,1
726,517,1128,1180,19.06.2021 03:18 AM,0.0,,,1246,data,,0
727,349,143,98,19.06.2021 12:48 AM,0.0,137,,,call,outgoing,0
728,84,1169,595,19.06.2021 08:38 PM,115920.0,,,2898,data,,0
729,192,1055,1202,20.06.2021 09:36 PM,0.0,36,,,call,outgoing,0
730,297,1108,961,21.06.2021 03:49 AM,0.0,291,,,call,outgoing,0
731,695,803,336,21.06.2021 05:49 AM,0.0,60,,,call,incoming,0
732,105,880,1247,21.06.2021 09:11 PM,0.0,124,,,call,incoming,0
733,655,1303,1288,21.06.2021 11:41 PM,0.0,217,,,call,incoming,0
734,49,325,757,22.06.2021 07:48 PM,0.0,55,,,call,incoming,0
735,91,523,640,22.06.2021 09:03 PM,0.0,52,,,call,outgoing,0
736,985,1024,835,25.06.2021 04:19 AM,0.6,110,,,call,outgoing,1
737,987,1195,544,27.06.2021 06:33 AM,1.5,267,,,call,incoming,0
738,109,257,128,29.06.2021 06:19 AM,0.0,,1,,sms,incoming,0
739,674,1311,820,29.06.2021 06:42 PM,0.0,,1,,sms,incoming,1
740,367,28,1318,30.06.2021 07:19 AM,0.0,77,,,call,incoming,0
741,421,1129,412,01.07.2021 06:07 PM,0.0,,1,,sms,outgoing,0
742,865,1352,229,01.07.2021 09:28 PM,0.0,59,,,call,outgoing,1
743,617,136,922,03.07.2021 09:54 AM,0.0,,1,,sms,incoming,0
744,565,1058,177,03.07.2021 11:55 AM,0.0,,1,,sms,incoming,1
745,313,703,559,03.07.2021 03:35 PM,95520.0,,,2388,data,,1
746,619,719,719,03.07.2021 10:29 PM,0.0,218,,,call,outgoing,0
747,944,1039,1134,04.07.2021 05:06 AM,0.0,,1,,sms,incoming,0
748,963,1234,509,04.07.2021 11:52 AM,0.0,15,,,call,outgoing,0
749,186,738,399,04.07.2021 03:52 PM,0.0,232,,,call,outgoing,0
750,646,1283,888,04.07.2021 05:58 PM,0.0,292,,,call,incoming,0
751,685,1297,802,07.07.2021 08:52 AM,0.0,170,,,call,incoming,1
752,850,163,164,08.07.2021 07:00 PM,0.0,,,4928,data,,0
753,447,1166,1016,09.07.2021 09:33 PM,0.0,28,,,call,incoming,1
754,47,1016,1339,12.07.2021 08:27 PM,0.0,,,4327,data,,0
755,261,116,71,13.07.2021 01:55 AM,0.0,65,,,call,outgoing,0
756,181,882,219,13.07.2021 07:12 PM,0.0,,1,,sms,incoming,0
757,376,65,1100,14.07.2021 04:26 AM,1.2,180,,,call,outgoing,1
758,619,901,879,15.07.2021 09:48 AM,0.0,,,855,data,,0
759,188,1036,1183,15.07.2021 11:17 AM,0.0,,1,,sms,outgoing,1
760,680,737,119,15.07.2021 12:35 AM,0.0,128,,,call,outgoing,0
761,679,1190,195,15.07.2021 07:33 PM,0.3,41,,,call,outgoing,0
762,985,57,168,15.07.2021 08:31 PM,0.8999999999999999,125,,,call,outgoing,0
763,512,747,1298,15.07.2021 09:05 PM,0.0,83,,,call,incoming,0
764,158,244,83,16.07.2021 10:06 PM,0.0,143,,,call,outgoing,0
765,522,277,1060,17.07.2021 02:57 AM,0.0,90,,,call,outgoing,0
766,209,354,1161,18.07.2021 06:01 AM,0.0,20,,,call,outgoing,0
767,759,85,554,19.07.2021 01:21 PM,102630.0,,,933,data,,1
768,342,799,428,19.07.2021 03:14 PM,105000.0,,,2625,data,,1
769,394,261,272,20.07.2021 01:12 PM,0.02,,1,,sms,incoming,1
770,766,251,69,22.07.2021 01:20 AM,0.0,299,,,call,incoming,0
771,426,852,540,22.07.2021 12:34 AM,0.0,22,,,call,outgoing,0
772,656,324,1398,23.07.2021 02:38 PM,0.0,289,,,call,outgoing,0
773,336,703,221,25.07.2021 09:57 AM,0.6,86,,,call,outgoing,1
774,343,1344,851,26.07.2021 02:29 AM,0.0,237,,,call,incoming,1
775,430,928,480,26.07.2021 03:57 AM,0.0,169,,,call,outgoing,1
776,680,469,1391,26.07.2021 04:57 PM,0.0,81,,,call,outgoing,0
777,711,832,1124,28.07.2021 08:22 AM,0.0,227,,,call,incoming,0
778,530,858,929,29.07.2021 09:17 AM,234.8,,,4696,data,,1
779,659,525,73,31.07.2021 01:47 PM,0.02,,1,,sms,outgoing,0
780,971,693,180,31.07.2021 06:12 PM,0.0,56,,,call,outgoing,0
781,705,1029,636,31.07.2021 10:32 PM,167680.0,,,4192,data,,0
782,318,1273,808,31.07.2021 12:24 PM,324450.0,,,3605,data,,0
783,497,1173,458,01.08.2021 07:03 AM,0.0,,1,,sms,incoming,0
784,983,321,881,01.08.2021 08:30 AM,204300.0,,,2270,data,,0
785,659,1158,606,01.08.2021 10:02 AM,0.02,,1,,sms,outgoing,0
786,431,802,217,02.08.2021 11:02 PM,0.02,,1,,sms,outgoing,0
787,499,297,317,04.08.2021 07:47 PM,0.0,,1,,sms,incoming,0
788,618,141,452,05.08.2021 12:34 PM,80.85000000000001,,,1617,data,,0
789,751,1260,1140,06.08.2021 09:42 PM,1.2,191,,,call,outgoing,0
790,9,263,542,07.08.2021 01:32 AM,129040.0,,,3226,data,,1
791,62,587,788,07.08.2021 09:53 AM,0.0,69,,,call,outgoing,0
792,987,563,1338,07.08.2021 04:54 PM,0.6,98,,,call,incoming,0
793,322,610,601,08.08.2021 11:04 AM,0.0,,1,,sms,incoming,0
794,232,26,796,08.08.2021 11:43 AM,0.0,103,,,call,incoming,0
795,679,83,634,09.08.2021 03:21 AM,0.3,11,,,call,incoming,0
796,589,740,880,09.08.2021 08:12 PM,0.0,44,,,call,outgoing,1
797,586,952,513,09.08.2021 11:23 PM,0.0,,,1839,data,,1
798,47,394,424,10.08.2021 09:00 PM,0.0,62,,,call,outgoing,0
799,301,63,197,12.08.2021 05:25 PM,0.0,264,,,call,outgoing,0
800,861,984,1019,12.08.2021 06:38 PM,0.0,205,,,call,outgoing,0
801,663,460,623,12.08.2021 12:29 PM,0.0,63,,,call,outgoing,0
802,183,679,1357,14.08.2021 03:09 AM,0.0,229,,,call,outgoing,1
803,603,108,387,14.08.2021 05:14 AM,1.2,228,,,call,outgoing,1
804,727,863,744,18.08.2021 11:31 AM,0.02,,1,,sms,outgoing,0
805,174,1280,939,19.08.2021 08:37 AM,255600.0,,,3408,data,,0
806,366,702,786,19.08.2021 08:47 PM,0.0,253,,,call,outgoing,0
807,800,782,483,20.08.2021 04:26 AM,0.0,67,,,call,incoming,1
808,547,1331,196,20.08.2021 05:13 PM,0.0,149,,,call,outgoing,0
809,163,294,1396,20.08.2021 07:34 PM,0.0,,,2432,data,,0
810,792,1172,412,20.08.2021 09:01 PM,1.2,188,,,call,incoming,0
811,133,557,890,22.08.2021 12:09 AM,0.02,,1,,sms,outgoing,1
812,39,539,873,24.08.2021 07:53 AM,0.0,293,,,call,incoming,1
813,464,1271,1381,24.08.2021 02:19 PM,0.0,175,,,call,outgoing,0
814,86,530,1303,25.08.2021 05:35 PM,0.0,216,,,call,incoming,0
815,366,210,1268,26.08.2021 04:42 PM,55800.0,,,1395,data,,0
816,333,164,379,27.08.2021 02:39 AM,0.0,199,,,call,outgoing,0
817,956,738,689,27.08.2021 01:26 PM,89.4,,,1788,data,,1
818,589,512,483,28.08.2021 04:18 AM,0.0,24,,,call,incoming,0
819,428,1034,1087,28.08.2021 04:42 PM,0.0,36,,,call,outgoing,0
820,188,1233,597,30.08.2021 02:11 PM,0.0,115,,,call,incoming,1
821,989,395,1290,30.08.2021 05:49 PM,0.0,,1,,sms,incoming,0
822,833,829,378,31.08.2021 05:46 AM,0.8999999999999999,121,,,call,incoming,0
823,163,1264,1154,01.09.2021 10:17 PM,0.0,,1,,sms,incoming,0
824,136,1038,380,03.09.2021 03:03 AM,0.0,,1,,sms,incoming,1
825,833,249,751,03.09.2021 04:31 AM,1.5,273,,,call,incoming,0
826,751,349,1392,03.09.2021 07:37 PM,0.6,83,,,call,incoming,0
827,788,688,419,04.09.2021 05:00 PM,148830.0,,,1353,data,,1
828,617,1085,312,04.09.2021 08:52 PM,0.0,82,,,call,incoming,0
829,166,291,1010,05.09.2021 09:48 PM,0.0,258,,,call,outgoing,0
830,577,743,720,07.09.2021 04:36 PM,0.0,,1,,sms,outgoing,1
831,376,410,571,09.09.2021 09:59 PM,1.2,226,,,call,incoming,1
832,332,661,29,10.09.2021 06:48 AM,0.0,,1,,sms,incoming,0
833,188,325,868,10.09.2021 09:20 AM,0.0,112,,,call,outgoing,0
834,402,88,460,10.09.2021 01:59 PM,0.0,,,4615,data,,0
835,534,562,64,10.09.2021 04:32 PM,0.0,114,,,call,outgoing,0
836,818,590,766,12.09.2021 03:54 PM,0.0,,1,,sms,incoming,1
837,516,915,1040,12.09.2021 05:19 PM,0.0,294,,,call,outgoing,0
838,504,729,492,13.09.2021 12:09 AM,0.0,,,776,data,,0
839,8,774,1331,14.09.2021 10:49 PM,0.0,,,2535,data,,0
840,857,1123,673,15.09.2021 05:10 AM,0.0,292,,,call,outgoing,1
841,506,901,664,15.09.2021 11:03 PM,0.02,,1,,sms,incoming,0
842,987,395,1301,16.09.2021 09:42 AM,0.8999999999999999,164,,,call,incoming,0
843,648,411,595,17.09.2021 04:28 AM,0.3,54,,,call,incoming,1
844,106,100,673,18.09.2021 04:19 AM,0.0,,,3446,data,,0
845,706,294,989,18.09.2021 03:00 PM,197.9,,,3958,data,,0
846,769,141,1216,19.09.2021 06:01 PM,0.0,147,,,call,outgoing,0
847,985,1060,515,21.09.2021 03:08 AM,1.5,271,,,call,outgoing,0
848,763,656,1253,21.09.2021 09:45 AM,0.0,,1,,sms,outgoing,1
849,280,235,914,21.09.2021 02:47 PM,0.0,,1,,sms,outgoing,0
850,987,354,633,21.09.2021 09:24 PM,1.2,189,,,call,outgoing,0
851,489,702,446,22.09.2021 06:44 PM,0.0,,1,,sms,incoming,1
852,885,1365,1010,22.09.2021 10:22 PM,189720.0,,,2108,data,,0
853,243,330,305,24.09.2021 04:44 AM,0.0,172,,,call,incoming,0
854,938,310,153,24.09.2021 12:38 AM,0.0,51,,,call,outgoing,1
855,665,502,635,25.09.2021 03:14 AM,0.0,14,,,call,outgoing,0
856,341,930,1272,25.09.2021 06:30 PM,0.0,109,,,call,incoming,0
857,792,509,595,28.09.2021 11:53 PM,0.6,74,,,call,incoming,1
858,313,974,1204,28.09.2021 12:17 PM,0.0,106,,,call,outgoing,0
859,108,778,784,30.09.2021 02:45 AM,199440.0,,,2216,data,,0
860,279,174,203,30.09.2021 02:53 AM,0.0,,1,,sms,outgoing,0
861,75,1269,1139,01.10.2021 08:13 AM,0.0,,1,,sms,outgoing,1
862,376,1312,284,02.10.2021 02:54 AM,0.6,74,,,call,outgoing,0
863,717,983,148,02.10.2021 12:35 AM,124950.0,,,1666,data,,0
864,113,693,1213,02.10.2021 08:42 PM,0.0,,,2427,data,,0
865,603,1258,524,03.10.2021 06:45 PM,1.2,204,,,call,outgoing,1
866,419,247,158,04.10.2021 06:02 AM,0.0,,1,,sms,outgoing,0
867,907,120,133,04.10.2021 11:43 AM,0.0,,1,,sms,outgoing,0
868,598,1021,537,04.10.2021 04:25 PM,320670.0,,,3563,data,,0
869,159,1166,337,04.10.2021 05:43 PM,116.95,,,2339,data,,1
870,602,1198,186,04.10.2021 06:18 PM,0.0,248,,,call,outgoing,0
871,888,886,1289,05.10.2021 05:49 AM,0.0,,,1726,data,,0
872,751,1272,593,05.10.2021 09:26 AM,0.8999999999999999,121,,,call,outgoing,0
873,17,670,1041,05.10.2021 03:18 PM,0.0,,,2250,data,,1
874,282,425,337,06.10.2021 08:56 AM,0.0,111,,,call,outgoing,0
875,489,556,506,06.10.2021 10:38 PM,0.0,266,,,call,outgoing,0
876,28,842,824,07.10.2021 10:31 AM,0.0,135,,,call,outgoing,1
877,791,388,480,07.10.2021 10:22 PM,0.0,214,,,call,outgoing,0
878,985,826,113,08.10.2021 06:54 AM,1.2,209,,,call,incoming,1
879,336,204,1379,08.10.2021 12:32 AM,1.2,229,,,call,incoming,0
880,765,1007,1340,08.10.2021 09:48 PM,89720.0,,,2243,data,,0
881,236,994,1226,08.10.2021 10:48 PM,0.0,,,2918,data,,1
882,655,163,1152,08.10.2021 12:15 PM,0.0,176,,,call,incoming,0
883,152,444,267,09.10.2021 02:51 PM,0.0,269,,,call,incoming,0
884,26,557,915,09.10.2021 12:27 PM,0.0,48,,,call,incoming,0
885,118,627,567,10.10.2021 05:12 AM,0.0,,,3642,data,,0
886,86,1202,1312,11.10.2021 04:09 AM,0.0,229,,,call,outgoing,1
887,46,16,896,13.10.2021 09:34 AM,0.0,259,,,call,incoming,0
888,343,612,98,13.10.2021 08:10 PM,0.0,,1,,sms,outgoing,1
889,874,177,287,13.10.2021 12:42 PM,0.0,117,,,call,incoming,1
890,679,194,216,14.10.2021 01:51 AM,0.8999999999999999,124,,,call,outgoing,0
891,278,504,642,14.10.2021 08:20 AM,0.0,,1,,sms,outgoing,0
892,199,251,987,15.10.2021 09:22 AM,0.0,244,,,call,incoming,1
893,555,722,18,15.10.2021 09:40 PM,0.0,24,,,call,outgoing,0
894,113,522,520,18.10.2021 12:06 AM,0.0,259,,,call,incoming,0
895,832,385,618,18.10.2021 01:20 PM,0.0,192,,,call,outgoing,1
896,938,113,1214,19.10.2021 01:17 AM,0.0,284,,,call,incoming,0
897,760,1084,113,19.10.2021 11:21 PM,0.0,268,,,call,outgoing,0
898,573,932,496,21.10.2021 03:41 PM,0.0,280,,,call,incoming,1
899,255,50,1244,21.10.2021 08:09 PM,0.0,,,2598,data,,0
900,941,1021,1255,22.10.2021 07:46 PM,0.0,218,,,call,incoming,1
901,906,1136,726,23.10.2021 01:56 PM,0.0,72,,,call,incoming,0
902,753,1259,255,23.10.2021 02:45 PM,0.0,99,,,call,incoming,0
903,830,676,641,24.10.2021 10:54 PM,0.0,171,,,call,outgoing,1
904,648,337,427,25.10.2021 12:01 AM,0.3,10,,,call,outgoing,0
905,810,1326,964,26.10.2021 04:24 PM,0.0,,1,,sms,outgoing,0
906,401,1391,996,26.10.2021 07:39 PM,0.0,292,,,call,incoming,0
907,891,367,1007,27.10.2021 09:41 PM,0.0,237,,,call,incoming,0
908,926,1102,839,28.10.2021 03:49 AM,0.02,,1,,sms,incoming,1
909,447,465,412,28.10.2021 07:01 PM,0.0,140,,,call,outgoing,0
910,323,1206,1371,28.10.2021 09:02 PM,0.0,205,,,call,outgoing,1
911,250,688,425,31.10.2021 12:02 AM,0.0,1,,,call,outgoing,1
912,999,671,474,01.11.2021 12:34 AM,0.0,84,,,call,outgoing,1
913,302,1119,1248,01.11.2021 05:25 PM,0.0,12,,,call,outgoing,0
914,220,390,1024,01.11.2021 08:31 PM,0.0,281,,,call,outgoing,1
915,365,1290,283,01.11.2021 08:45 PM,1.2,189,,,call,incoming,0
916,905,1179,1174,02.11.2021 03:27 AM,177160.0,,,4429,data,,1
917,800,758,3,02.11.2021 03:15 PM,0.0,250,,,call,incoming,1
918,783,1325,1015,03.11.2021 12:18 AM,388410.0,,,3531,data,,1
919,164,1065,972,03.11.2021 11:47 PM,0.0,289,,,call,incoming,1
920,886,1135,1326,04.11.2021 11:46 PM,0.0,41,,,call,outgoing,1
921,4,614,989,05.11.2021 04:11 AM,0.0,53,,,call,outgoing,0
922,676,374,887,05.11.2021 06:34 AM,0.0,250,,,call,outgoing,0
923,799,486,670,05.11.2021 09:09 PM,61.2,,,1224,data,,0
924,989,1062,248,06.11.2021 07:29 PM,0.0,279,,,call,incoming,0
925,744,475,548,07.11.2021 08:44 PM,0.0,197,,,call,incoming,0
926,313,910,759,08.11.2021 11:03 AM,0.0,229,,,call,outgoing,0
927,76,688,1342,08.11.2021 06:20 PM,0.0,65,,,call,outgoing,0
928,731,1395,863,09.11.2021 01:24 AM,0.0,195,,,call,incoming,0
929,919,888,766,09.11.2021 10:30 AM,0.6,100,,,call,incoming,0
930,137,805,1047,11.11.2021 03:01 AM,0.0,284,,,call,incoming,0
931,970,672,718,11.11.2021 08:08 AM,0.0,205,,,call,incoming,0
932,870,1336,978,11.11.2021 10:34 AM,0.0,137,,,call,incoming,0
933,395,1337,856,11.11.2021 02:13 PM,102160.0,,,2554,data,,0
934,684,1390,1042,12.11.2021 01:36 PM,0.0,,1,,sms,incoming,1
935,385,350,1235,12.11.2021 02:54 PM,0.0,179,,,call,outgoing,0
936,336,153,767,13.11.2021 02:24 AM,0.8999999999999999,147,,,call,incoming,0
937,236,1051,1016,14.11.2021 03:44 AM,0.0,35,,,call,incoming,0
938,867,1269,715,14.11.2021 09:53 AM,0.0,134,,,call,incoming,1
939,987,932,666,15.11.2021 05:12 AM,0.8999999999999999,145,,,call,outgoing,0
940,4,579,117,15.11.2021 04:23 PM,0.0,,,1419,data,,0
941,456,484,1264,16.11.2021 08:38 PM,0.0,252,,,call,outgoing,0
942,154,1288,584,18.11.2021 07:04 AM,0.0,298,,,call,outgoing,0
943,428,718,950,18.11.2021 06:10 PM,0.0,67,,,call,incoming,0
944,123,1044,230,19.11.2021 04:49 AM,0.0,16,,,call,outgoing,1
945,708,309,355,20.11.2021 08:29 AM,0.0,,,2431,data,,1
946,919,839,525,21.11.2021 02:24 AM,1.2,228,,,call,outgoing,0
947,879,920,464,24.11.2021 02:51 AM,0.0,,1,,sms,incoming,0
948,811,1177,662,25.11.2021 08:54 AM,0.0,42,,,call,incoming,0
949,482,774,1090,25.11.2021 11:38 PM,0.0,4,,,call,incoming,1
950,739,124,103,27.11.2021 11:47 PM,0.0,170,,,call,incoming,0
951,325,1308,922,28.11.2021 01:02 AM,0.0,,1,,sms,outgoing,1
952,419,1207,1203,28.11.2021 02:02 AM,0.0,299,,,call,outgoing,0
953,376,866,304,28.11.2021 04:15 AM,1.2,181,,,call,outgoing,0
954,968,1166,1311,01.12.2021 01:14 PM,0.02,,1,,sms,incoming,0
955,151,406,719,01.12.2021 05:59 PM,395910.0,,,4399,data,,1
956,469,1068,1314,01.12.2021 09:23 PM,0.0,,,4955,data,,1
957,985,1318,1280,02.12.2021 03:13 PM,0.3,59,,,call,incoming,0
958,846,1026,345,03.12.2021 06:41 PM,207.75,,,4155,data,,1
959,959,1270,174,04.12.2021 01:11 AM,0.0,104,,,call,incoming,0
960,833,274,649,05.12.2021 08:00 AM,0.3,19,,,call,outgoing,0
961,564,895,1015,05.12.2021 06:04 PM,0.02,,1,,sms,outgoing,0
962,989,1385,1325,05.12.2021 09:15 PM,0.0,147,,,call,incoming,0
963,649,36,1072,06.12.2021 06:52 AM,0.0,281,,,call,outgoing,1
964,376,1081,153,06.12.2021 11:23 AM,0.6,64,,,call,incoming,1
965,397,43,1088,06.12.2021 04:39 PM,0.0,21,,,call,incoming,1
966,234,1293,217,08.12.2021 09:05 AM,0.0,20,,,call,outgoing,0
967,680,1360,558,09.12.2021 07:15 PM,0.0,,1,,sms,outgoing,1
968,577,882,570,10.12.2021 07:47 PM,0.0,200,,,call,incoming,0
969,25,584,1339,11.12.2021 10:04 AM,0.0,43,,,call,outgoing,1
970,11,975,707,12.12.2021 03:30 PM,291060.0,,,3234,data,,0
971,320,329,344,14.12.2021 03:12 AM,0.0,,1,,sms,outgoing,0
972,166,894,1276,14.12.2021 03:56 AM,0.0,99,,,call,outgoing,0
973,792,903,1029,14.12.2021 10:15 PM,0.6,97,,,call,incoming,0
974,241,1351,1121,15.12.2021 08:50 PM,0.0,274,,,call,incoming,0
975,86,518,146,15.12.2021 12:08 PM,0.0,,1,,sms,outgoing,1
976,674,1186,1216,17.12.2021 09:05 AM,0.0,209,,,call,outgoing,0
977,978,1389,904,17.12.2021 01:35 PM,0.0,98,,,call,outgoing,0
978,925,870,1168,17.12.2021 05:25 PM,0.0,61,,,call,outgoing,1
979,333,271,592,17.12.2021 08:36 PM,0.0,,1,,sms,outgoing,0
980,50,169,689,17.12.2021 09:50 PM,0.0,175,,,call,incoming,0
981,673,801,228,18.12.2021 04:45 AM,0.0,247,,,call,outgoing,0
982,648,1022,116,18.12.2021 06:05 AM,0.8999999999999999,148,,,call,outgoing,0
983,516,832,139,18.12.2021 07:12 AM,0.0,,1,,sms,incoming,0
984,449,844,1371,19.12.2021 08:12 PM,232500.0,,,3100,data,,1
985,673,698,945,19.12.2021 08:23 PM,0.0,92,,,call,outgoing,0
986,684,1397,1086,20.12.2021 06:51 PM,0.0,,,2015,data,,0
987,376,37,1228,21.12.2021 12:03 AM,0.3,3,,,call,incoming,0
988,127,1163,369,22.12.2021 08:19 AM,0.0,247,,,call,incoming,0
989,333,1140,731,22.12.2021 02:35 PM,0.0,,,3182,data,,1
990,162,1225,1055,23.12.2021 08:08 AM,0.02,,1,,sms,outgoing,0
991,84,37,824,23.12.2021 10:19 PM,0.0,204,,,call,outgoing,0
992,582,392,184,24.12.2021 08:56 AM,0.0,231,,,call,outgoing,0
993,771,1002,317,24.12.2021 09:21 AM,0.0,268,,,call,incoming,0
994,106,190,272,24.12.2021 11:08 AM,0.0,259,,,call,incoming,0
995,250,820,1363,26.12.2021 02:14 AM,0.0,,1,,sms,outgoing,1
996,990,324,1068,26.12.2021 11:26 AM,0.0,,,3264,data,,0
997,80,911,1360,28.12.2021 11:35 AM,52600.0,,,1315,data,,0
998,705,299,1069,28.12.2021 05:33 PM,0.0,293,,,call,incoming,0
999,334,1169,939,30.12.2021 08:28 PM,0.0,,1,,sms,outgoing,0
